node:assert:152
  throw new AssertionError(obj);
  ^

AssertionError [ERR_ASSERTION]: Expected values to be strictly deep-equal:
+ actual - expected
... Skipped lines

  {
    abyss: {
      active: null,
      attempts: 0,
      claimed: {},
...
      dailyProgress: {},
+     day: 20737,
-     day: 20736,
      lastDailyElements: [],
      revision: 172,
      version: 1,
      week: 2962,
      weekly: {

    at /workspace/scratch/a62414469990/balance-v01627-work/tests/test_abyss_fixes_v01626.cjs:210:108
    at check (/workspace/scratch/a62414469990/balance-v01627-work/tests/test_abyss_fixes_v01626.cjs:20:36)
    at Object.<anonymous> (/workspace/scratch/a62414469990/balance-v01627-work/tests/test_abyss_fixes_v01626.cjs:209:31)
    at Module._compile (node:internal/modules/cjs/loader:1872:14)
    at Object..js (node:internal/modules/cjs/loader:2003:10)
    at Module.load (node:internal/modules/cjs/loader:1594:32)
    at Module._load (node:internal/modules/cjs/loader:1396:12)
    at wrapModuleLoad (node:internal/modules/cjs/loader:255:19)
    at Module.executeUserEntryPoint [as runMain] (node:internal/modules/run_main:154:5)
    at node:internal/main/run_main_module:33:47 {
  generatedMessage: true,
  code: 'ERR_ASSERTION',
  actual: {
    schema: 2,
    global: {
      MODE: 'COMBAT',
      TURN: 21,
      WORLD_DAY: 1,
      WORLD_TIME: '12:00',
      LOCATION: '',
      WEATHER: '',
      IN_COMBAT: false,
      COMBAT_ROUND: 0,
      WEATHER_CHANGE_RATE: '',
      FOOD_IN_COMBAT: false,
      ACTIVE_QUEST_ID: '',
      MORA: 3000,
      SCENE_SUMMARY: '',
      RELATION_STATE: '',
      INVENTORY_SOURCE: '',
      ROSTER_SOURCE: '',
      FLAG_SOURCE: '',
      PLAYER_ENTITY_ID: 'PLAYER_CUSTOM',
      PLAYER_CONTROL_MODE: '',
      ALLY_CONTROL_MODE: '',
      COMBAT_AUTO_RESOLVE_TO_PLAYER: false,
      PLAYER_INPUT_REQUIRED: false,
      NARRATIVE_STYLE_SOURCE: '',
      DAMAGE_VARIANCE: '',
      PLAYER_KO_BEHAVIOR: '',
      CURRENT_MAP_ID: 'MAP_MOND_PLAINS',
      LOCATION_PROFILE: '',
      ENCOUNTER_COOLDOWN: 1,
      LAST_ENCOUNTER_GROUP_ID: '',
      LAST_ENCOUNTER_TRIGGER_ROLL: 0,
      LAST_ENCOUNTER_POOL_ROLL: 0,
      ENCOUNTER_PENDING: false,
      ACTIVE_BOSS_ROUTE_ID: 'BRT_LEY_REVELATION_MOND_PLAINS',
      BOSS_ROUTE_STEP: 1,
      BOSS_ENTRY_MODE: 'DIRECT',
      ENCOUNTER_SOURCE: '',
      CURRENT_ENCOUNTER_GROUP_ID: '',
      LAST_ENCOUNTER_LEVEL: 0,
      ACTIVE_ENCOUNTER_TYPE: '',
      PHLOGISTON_FIELD_ACTIVE: false,
      PHLOGISTON_TURN_LIMIT: 0,
      PHLOGISTON_EXTRA_ACTION: 0,
      MOONSIGN_LEVEL: 0,
      MOONSIGN_STATE: '',
      MOON_ARCHON_STAGE: '',
      LUNAR_REACTION_COEFF_MULT: 0,
      LUNAR_OMEN_BONUS_PCT: 0,
      DVALIN_TERRAIN_MAX: 0,
      DVALIN_TERRAIN_REMAIN: 0,
      DVALIN_TERRAIN_INTERVAL: 0,
      OSIAL_FORMATION_HP_MAX: 0,
      OSIAL_FORMATION_HP: 0,
      OSIAL_FORMATION_DEF: 0,
      OSIAL_FORMATION_CHARGE: 0,
      OSIAL_FORMATION_CHARGE_MAX: 0,
      OSIAL_FORMATION_READY: false,
      OSIAL_FORMATION_FIRED: false,
      OSIAL_WAVE_INDEX: 0,
      AZHDAHA_ELEMENT_1: '',
      AZHDAHA_ELEMENT_2: '',
      AZHDAHA_CURRENT_ELEMENT: '',
      AZHDAHA_PHASE: 0,
      AZHDAHA_ZHONGLI_LOCK: false,
      SIGNORA_PHASE: 0,
      SIGNORA_SHIELD_LAYERS_MAX: 0,
      SIGNORA_SHIELD_LAYERS: 0,
      SIGNORA_ENV_ELEMENT: '',
      MIKOTO_PHASE: 0,
      MIKOTO_ACTIONS_PER_TURN: 0,
      MIKOTO_TRANSFORMED: false,
      MIKOTO_FINAL_CALAMITY_RESOLVED: false,
      MIKOTO_ELECTRO_REQUIRED: false,
      SHOUKI_DENDRO_HITS: 0,
      SHOUKI_CORE_UNLOCKED: false,
      SHOUKI_ATK_BUFF_ACTIVE: false,
      SHOUKI_NAHIDA_EVA_ACTIVE: false,
      APEP_PHASE: 0,
      APEP_HEART_PROGRESS: 0,
      APEP_REGEN_BURST_USED: false,
      APEP_LAST_LIFE_USED: false,
      APEP_AFTERSHOCK_READY: false,
      APEP_AFTERSHOCK_USED: false,
      NARWHAL_PHASE: 0,
      NARWHAL_HOSTILITY: 0,
      NARWHAL_EYE_ACTIVE: false,
      NARWHAL_SHADOW_HP: 0,
      NARWHAL_WEAKENED: false,
      NARWHAL_PRIMORDIAL_ACTIVE: false,
      NARWHAL_ARKHE_REQUIRED: false,
      ARLE_PHASE: 0,
      ARLE_CRIMSON_MOON: false,
      ARLE_BLOODTIDE_CASTING: false,
      ARLE_END_THRESHOLD: 0,
      GOSO_PHASE: 0,
      GOSO_TERRAIN_REMAIN: 0,
      GOSO_TERRAIN_SEAL: 0,
      GOSO_MAVUIKA_SUPPORT: false,
      GOSO_MAVUIKA_GAUGE: 0,
      GOSO_MAVUIKA_BLESSING: 0,
      GOSO_VOID_WARD_ACTIVE: false,
      GOSO_STARSCOURGE_USED: false,
      RERIR_PHASE: 0,
      RERIR_COLUMBINA_ASCENDED: false,
      RERIR_MOON_GATE_CHARGE: 0,
      RERIR_SEALED: false,
      DOTTORE_FALSEMOON_PHASE: 0,
      DOTTORE_ACTIONS_PER_TURN: 0,
      DOTTORE_FIELD_PROFILE: '',
      DOTTORE_FALSE_SKY_TORN: false,
      DOTTORE_FROST_PULL_ACTIVE: false,
      DOTTORE_FROST_PULL_PROGRESS: 0,
      DOTTORE_FROST_PULL_ROUND: 0,
      DOTTORE_NICOLE_ANCHOR: false,
      DOTTORE_FROST_MOON_DESCENDED: false,
      DOTTORE_NICOLE_FIELD_LOCK: false,
      DOTTORE_PULL_VARKA_CONTRIB: false,
      DOTTORE_PULL_ARLE_CONTRIB: false,
      DOTTORE_ECLIPSE_ACTIVE: false,
      DOTTORE_ECLIPSE_ROUND: 0,
      DOTTORE_ETERNAL_SHADOW_ALIVE: false,
      DOTTORE_FROST_SHADOW_ALIVE: false,
      DOTTORE_IRIDESCENT_SHADOW_ALIVE: false,
      DOTTORE_CORE_ETERNAL_RECLAIMED: false,
      DOTTORE_CORE_FROST_RECLAIMED: false,
      DOTTORE_CORE_IRIDESCENT_RECLAIMED: false,
      DOTTORE_MOONLESS_ACTIVE: false,
      DOTTORE_MOONLESS_ROUND: 0,
      DOTTORE_FALSEMOON_CLEARED: false,
      DOTTORE_HERETIC_TERMINAL_EQUIPPED: false,
      DOTTORE_HERETIC_ROUTE_READY: false,
      CAMPAIGN_GAME_OVER: false,
      GAME_OVER_REASON: '',
      DOTTORE_SOUL_FUSION_EVENT: false,
      DOTTORE_PERFECT_ANALYSIS_ACTIVE: false,
      WORLD_TREE_ENTRY_ALLOWED: '',
      WORLD_TREE_WANDERER_EXCEPTION: false,
      PYRO_GNOSIS_ACQUIRED: false,
      DOTTORE_ARCHON_AUDIENCE_COUNT: 0,
      DOTTORE_FOUR_ARCHONS_AUDIENCE_COMPLETE: false,
      DOTTORE_HERETIC_PHASE: 0,
      DOTTORE_ARCHIVE_ACTIVE: false,
      DOTTORE_ARCHIVE_DEFENSE_SOURCE: '',
      DOTTORE_ARCHIVE_ACTION_SOURCES: '',
      TACTICAL_SLOT_MAX: 0,
      TACTICAL_SLOT_1: '',
      TACTICAL_SLOT_2: '',
      TACTICAL_SLOT_3: '',
      TACTICAL_ELEMENT_STANDBY: '',
      TACTICAL_SLOT_1_CHARGES: 0,
      TACTICAL_SLOT_2_CHARGES: 0,
      TACTICAL_SLOT_3_CHARGES: 0,
      PLAYER_CARD_CREATED: true,
      PLAYER_CARD_ID: 'PLAYER_CUSTOM',
      PLAYER_CARD_VERSION: 2,
      PLAYER_NAME: '클라나드',
      PLAYER_LEVEL_STATE: 60,
      PLAYER_XP_STATE: 0,
      PLAYER_XP_NEXT: 0,
      PLAYER_HP_CURRENT: 20157,
      PLAYER_HP_MAX: 20157,
      PLAYER_BASE_HP: 560,
      PLAYER_BASE_ATK: 62,
      PLAYER_BASE_DEF: 30,
      PLAYER_BASE_SPD: 63,
      PLAYER_ATK_CURRENT: 2735,
      PLAYER_DEF_CURRENT: 1492,
      PLAYER_SPD_CURRENT: 72,
      PLAYER_CRIT_CURRENT: 5,
      PLAYER_CRIT_DMG_CURRENT: 50,
      PLAYER_HIT_CURRENT: 80,
      PLAYER_EVA_CURRENT: 5,
      PLAYER_STATUS_RESIST_CURRENT: 5,
      PLAYER_RANGE_CURRENT: '근접',
      PLAYER_ELEMENT_TAGS: '',
      PLAYER_POWER_TAGS: '',
      PLAYER_AFFILIATION: '',
      PLAYER_RANK: '',
      PLAYER_TITLES: '',
      PLAYER_PERSISTENT_STATUS: '',
      PLAYER_EQUIP_WEAPON: '',
      PLAYER_EQUIP_ARMOR: '',
      PLAYER_EQUIP_ACCESSORY: '',
      PLAYER_EQUIP_SPECIAL: '',
      PLAYER_SKILL_CARD_IDS: 'PLAYER_BASIC_ATTACK;PLAYER_BASIC_GUARD;PLAYER_ISEKAI_E;PLAYER_ISEKAI_Q',
      PLAYER_PASSIVE_CARD_IDS: '',
      PLAYER_SPECIAL_ABILITIES: '',
      PLAYER_IMAGE_REF: '',
      PLAYER_CARD_EXTRA: '',
      PLAYER_CARD_LAST_UPDATE_TURN: 0,
      STORY_MEMORY_ENABLED: false,
      STORY_LONG_TERM_MEMORY: '',
      STORY_RECENT_MEMORY: '',
      STORY_MEMORY_LAST_UPDATE_TURN: 0,
      STORY_MEMORY_VERSION: 0,
      STORY_ARC_ID: '',
      STORY_ARC_TITLE: '',
      STORY_ARC_PHASE: '',
      STORY_ARC_SUMMARY: '',
      STORY_ACTIVE_CONFLICT: '',
      STORY_CONFLICT_SEED: '',
      STORY_UNRESOLVED_THREADS: '',
      STORY_TENSION_LEVEL: 0,
      STORY_BREATHER_SCENES_REMAIN: 0,
      STORY_LAST_RESOLUTION_TURN: 0,
      STORY_LAST_MAJOR_CRISIS_TURN: 0,
      LAST_RECOVERY_MEAL_ITEM_ID: '',
      RESOURCE_ROUTE_REFRESH_PROGRESS: 0,
      ACTIVE_LEYLINE_ROUTE_ID: '',
      ACTIVE_LEYLINE_MAP_ID: '',
      LAST_LEYLINE_CLEAR_TURN: 0,
      RESOURCE_ROUTE_LAST_PROGRESS_SOURCE: '',
      LIFE_RESOURCE_STATE_DAY: 0,
      LIFE_RESOURCE_USAGE_STATE: '',
      SHOP_STOCK_USAGE_STATE: '{}',
      LAST_LIFE_ACTION_RESULT: '',
      PARTY_SOURCE: '',
      MAP_EDGE_SOURCE: '',
      LAST_MAP_EDGE_ID: '',
      LAST_MOVE_TIME_COST_MIN: 0,
      COMBAT_VAR_SOURCE: '',
      EVENT_SOURCE: '',
      STORY_CURSOR_NODE_ID: 'END',
      SCREEN_MODE: 'COMBAT',
      SAVE_ID: 'V011-32',
      SAVE_SCHEMA_VERSION: 2,
      SAVE_INITIALIZED: true,
      SAVE_REVISION: 20,
      STORY_ROUTE_ID: 'ROUTE_ISEKAI',
      CURRENT_STORY_NODE_ID: 'END',
      PENDING_CHOICE_GROUP_ID: '',
      PENDING_INPUT_JSON: '{}',
      PLAYER_NARRATIVE_ENTITY_ID: 'PLAYER_ISEKAI',
      PLAYER_RELATION_ENTITY_ID: 'CRPG_PLAYER',
      LAST_COMMITTED_ACTION_SEQ: 20,
      LAST_COMMITTED_ACTION_ID: 'V011-32:20',
      LAST_ACTION_RECEIPT_JSON: '{"ok":true,"type":"BOSS_ROUTE","result":{"battle":"V011-32:B20","group":"EG_LEY_MOND_PLAINS","opening":true,"phase":"COMBAT_OPENING","order":[{"index":0,"id":"PLAYER_CUSTOM","source":"PLAYER_CUSTOM","name":"클라나드","side":"ALLY","control":"PLAYER","score":80,"first":false,"alive":true,"hp":20157,"maxHp":20157,"current":false,"acted":false},{"index":1,"id":"MON_HILI_SHOOTER#1","source":"MON_HILI_SHOOTER","name":"츄츄 궁수","side":"ENEMY","control":"AI","score":87,"first":false,"alive":true,"hp":23800,"maxHp":23800,"current":false,"acted":false},{"index":2,"id":"MON_HILI_FIGHTER#1","source":"MON_HILI_FIGHTER","name":"츄츄 싸움꾼","side":"ENEMY","control":"AI","score":81,"first":false,"alive":true,"hp":23800,"maxHp":23800,"current":false,"acted":false},{"index":3,"id":"MOND_DILUC","source":"MOND_DILUC","name":"다이루크","side":"ALLY","control":"AI","score":79,"first":false,"alive":true,"hp":34565,"maxHp":34565,"current":false,"acted":false},{"index":4,"id":"MON_MITACHURL_WOOD#1","source":"MON_MITACHURL_WOOD","name":"나무 방패 츄츄 폭도","side":"ENEMY","control":"AI","score":70,"first":false,"alive":true,"hp":69259,"maxHp":69259,"current":false,"acted":false},{"index":5,"id":"MOND_JEAN","source":"MOND_JEAN","name":"진","side":"ALLY","control":"AI","score":70,"first":false,"alive":true,"hp":34565,"maxHp":34565,"current":false,"acted":false},{"index":6,"id":"MOND_NOELLE","source":"MOND_NOELLE","name":"노엘","side":"ALLY","control":"AI","score":70,"first":false,"alive":true,"hp":27275,"maxHp":28639,"current":false,"acted":false}]},"revision":20}',
      STORY_NODE_EFFECTS_JSON: '{"ROUTE_ISEKAI:ISK_M01_E001":true}',
      EVENT_PROGRESS_JSON: '{}',
      NPC_VISITS_JSON: '{}',
      COMPANION_ELIGIBILITY_JSON: '{"MOND_DILUC":{"state":"JOINED","event":"END"},"MOND_NOELLE":{"state":"JOINED","event":"END"},"MOND_JEAN":{"state":"JOINED","event":"END"}}',
      WORLD_VISIT_COUNTS_JSON: '{}',
      WORLD_STATE_JSON: '{}',
      PRNG_STATE: 2179921691,
      ACTIVE_BATTLE_ID: 'V011-32:B20',
      COMBAT_ACTION_PHASE: 'OPENING',
      RESUME_POLICY: '',
      LAST_BATTLE_RESULT_JSON: '{}',
      PLAYER_EQUIP_SLOT_IDS_JSON: '{"WEAPON":"EQI_000006","ARMOR":"EQI_000007","ACCESSORY":"EQI_000008"}',
      NEXT_INVENTORY_INSTANCE_SEQ: 18,
      UNLOCKED_INFORMATION_JSON: '{}',
      RETURN_STORY_CONTEXT_JSON: '{}',
      WEAPON_PROFICIENCIES_JSON: '["한손검"]',
      LAST_SAFE_MAP_ID: 'MAP_MOND_CITY',
      STORY_WAITING: true,
      PROTAGONIST_RULES_VERSION: 1,
      PROTAGONIST_ISEKAI_V2: 1,
      ACQUAINT_FATE: 20,
      STORY_MENU_POLICY: ''
    },
    chars: {
      MOND_ALBEDO: { level: 60, xp: 0, hp: 28531, statuses: [] },
      MOND_BARBARA: { level: 60, xp: 0, hp: 19916, statuses: [] },
      MOND_BENNETT: { level: 60, xp: 0, hp: 22060, statuses: [] },
      MOND_VENTI: { level: 60, xp: 0, hp: 27692, statuses: [] },
      MOND_DIONA: { level: 60, xp: 0, hp: 19608, statuses: [] },
      MOND_DAHLIA: { level: 60, xp: 0, hp: 20527, statuses: [] },
      MOND_DILUC: { level: 60, xp: 0, hp: 34565, statuses: [] },
      MOND_AMBER: { level: 60, xp: 0, hp: 19916, statuses: [] },
      MOND_JEAN: { level: 60, xp: 0, hp: 34565, statuses: [] },
      MOND_KAEYA: { level: 60, xp: 0, hp: 21446, statuses: [] },
      MOND_KLEE: { level: 60, xp: 0, hp: 25593, statuses: [] },
      MOND_MIKA: { level: 60, xp: 0, hp: 20221, statuses: [] },
      MOND_MONA: { level: 60, xp: 0, hp: 26013, statuses: [] },
      MOND_NOELLE: { level: 60, xp: 0, hp: 27275, statuses: [] },
      MOND_FISCHL: { level: 60, xp: 0, hp: 19302, statuses: [] },
      MOND_LISA: { level: 60, xp: 0, hp: 19608, statuses: [] },
      MOND_RAZOR: { level: 60, xp: 0, hp: 22673, statuses: [] },
      MOND_ROSARIA: { level: 60, xp: 0, hp: 21141, statuses: [] },
      MOND_SUCROSE: { level: 60, xp: 0, hp: 18691, statuses: [] },
      MOND_EULA: { level: 60, xp: 0, hp: 31886, statuses: [] },
      LIYUE_BAIZHU: { level: 60, xp: 0, hp: 29370, statuses: [] },
      LIYUE_BEIDOU: { level: 60, xp: 0, hp: 24204, statuses: [] },
      LIYUE_QIQI: { level: 60, xp: 0, hp: 31886, statuses: [] },
      LIYUE_NINGGUANG: { level: 60, xp: 0, hp: 19916, statuses: [] },
      LIYUE_KEQING: { level: 60, xp: 0, hp: 28951, statuses: [] },
      LIYUE_GAMING: { level: 60, xp: 0, hp: 22060, statuses: [] },
      LIYUE_GANYU: { level: 60, xp: 0, hp: 37073, statuses: [] },
      LIYUE_XINGQIU: { level: 60, xp: 0, hp: 20835, statuses: [] },
      LIYUE_HUTAO: { level: 60, xp: 0, hp: 30210, statuses: [] },
      LIYUE_XIANGLING: { level: 60, xp: 0, hp: 20221, statuses: [] },
      LIYUE_XIANYUN: { level: 60, xp: 0, hp: 39286, statuses: [] },
      LIYUE_LANYAN: { level: 60, xp: 0, hp: 20835, statuses: [] },
      LIYUE_XIAO: { level: 60, xp: 0, hp: 40355, statuses: [] },
      LIYUE_SHENHE: { level: 60, xp: 0, hp: 31466, statuses: [] },
      LIYUE_XINYAN: { level: 60, xp: 0, hp: 22979, statuses: [] },
      LIYUE_TARTAGLIA: { level: 60, xp: 0, hp: 32725, statuses: [] },
      LIYUE_YANFEI: { level: 60, xp: 0, hp: 25094, statuses: [] },
      LIYUE_YELAN: { level: 60, xp: 0, hp: 29370, statuses: [] },
      LIYUE_YUNJIN: { level: 60, xp: 0, hp: 21141, statuses: [] },
      LIYUE_YAOYAO: { level: 60, xp: 0, hp: 19916, statuses: [] },
      LIYUE_ZHONGLI: { level: 60, xp: 0, hp: 49088, statuses: [] },
      LIYUE_CHONGYUN: { level: 60, xp: 0, hp: 21754, statuses: [] },
      SUMERU_ALHAITHAM: { level: 60, xp: 0, hp: 22060, statuses: [] },
      SUMERU_DEHYA: { level: 60, xp: 0, hp: 25123, statuses: [] },
      SUMERU_DORI: { level: 60, xp: 0, hp: 19916, statuses: [] },
      SUMERU_KAVEH: { level: 60, xp: 0, hp: 21446, statuses: [] },
      SUMERU_CANDACE: { level: 60, xp: 0, hp: 24512, statuses: [] },
      SUMERU_COLLEI: { level: 60, xp: 0, hp: 19608, statuses: [] },
      SUMERU_NAHIDA: { level: 60, xp: 0, hp: 19916, statuses: [] },
      SUMERU_NILOU: { level: 60, xp: 0, hp: 22366, statuses: [] },
      SUMERU_FARUZAN: { level: 60, xp: 0, hp: 19608, statuses: [] },
      SUMERU_LAYLA: { level: 60, xp: 0, hp: 22060, statuses: [] },
      SUMERU_CYNO: { level: 60, xp: 0, hp: 22673, statuses: [] },
      SUMERU_WANDERER: { level: 60, xp: 0, hp: 21141, statuses: [] },
      SUMERU_SETHOS: { level: 60, xp: 0, hp: 19916, statuses: [] },
      SUMERU_TIGHNARI: { level: 60, xp: 0, hp: 20221, statuses: [] },
      INAZUMA_AYAKA: { level: 60, xp: 0, hp: 21141, statuses: [] },
      INAZUMA_AYATO: { level: 60, xp: 0, hp: 22060, statuses: [] },
      INAZUMA_GOROU: { level: 60, xp: 0, hp: 20835, statuses: [] },
      INAZUMA_HEIZOU: { level: 60, xp: 0, hp: 20835, statuses: [] },
      INAZUMA_ITTO: { level: 60, xp: 0, hp: 25737, statuses: [] },
      INAZUMA_KOKOMI: { level: 60, xp: 0, hp: 22673, statuses: [] },
      INAZUMA_KIRARA: { level: 60, xp: 0, hp: 21446, statuses: [] },
      INAZUMA_KAZUHA: { level: 60, xp: 0, hp: 21446, statuses: [] },
      INAZUMA_YAEMIKO: { level: 60, xp: 0, hp: 20527, statuses: [] },
      INAZUMA_MIZUKI: { level: 60, xp: 0, hp: 20527, statuses: [] },
      INAZUMA_RAIDEN: { level: 60, xp: 0, hp: 25123, statuses: [] },
      INAZUMA_SHINOBU: { level: 60, xp: 0, hp: 21446, statuses: [] },
      INAZUMA_SARA: { level: 60, xp: 0, hp: 21141, statuses: [] },
      INAZUMA_SAYU: { level: 60, xp: 0, hp: 19916, statuses: [] },
      INAZUMA_THOMA: { level: 60, xp: 0, hp: 23285, statuses: [] },
      INAZUMA_YOIMIYA: { level: 60, xp: 0, hp: 19916, statuses: [] },
      FONTAINE_ARLECCHINO: { level: 60, xp: 0, hp: 24512, statuses: [] },
      FONTAINE_EMILIE: { level: 60, xp: 0, hp: 20221, statuses: [] },
      FONTAINE_CHIORI: { level: 60, xp: 0, hp: 20835, statuses: [] },
      FONTAINE_ESCOFFIER: { level: 60, xp: 0, hp: 21141, statuses: [] },
      FONTAINE_CLORINDE: { level: 60, xp: 0, hp: 22060, statuses: [] },
      FONTAINE_NAVIA: { level: 60, xp: 0, hp: 22673, statuses: [] },
      FONTAINE_NEUVILLETTE: { level: 60, xp: 0, hp: 26350, statuses: [] },
      FONTAINE_FREMINET: { level: 60, xp: 0, hp: 22060, statuses: [] },
      FONTAINE_FURINA: { level: 60, xp: 0, hp: 21446, statuses: [] },
      FONTAINE_WRIOTHESLEY: { level: 60, xp: 0, hp: 23898, statuses: [] },
      FONTAINE_LYNEY: { level: 60, xp: 0, hp: 19608, statuses: [] },
      FONTAINE_LYNETTE: { level: 60, xp: 0, hp: 20221, statuses: [] },
      FONTAINE_CHEVREUSE: { level: 60, xp: 0, hp: 21446, statuses: [] },
      FONTAINE_SIGEWINNE: { level: 60, xp: 0, hp: 21446, statuses: [] },
      FONTAINE_CHARLOTTE: { level: 60, xp: 0, hp: 19608, statuses: [] },
      NATLAN_CHASCA: { level: 60, xp: 0, hp: 21754, statuses: [] },
      NATLAN_KACHINA: { level: 60, xp: 0, hp: 21141, statuses: [] },
      NATLAN_KINICH: { level: 60, xp: 0, hp: 21446, statuses: [] },
      NATLAN_MUALANI: { level: 60, xp: 0, hp: 22060, statuses: [] },
      NATLAN_MAVUIKA: { level: 60, xp: 0, hp: 25737, statuses: [] },
      NATLAN_ORORON: { level: 60, xp: 0, hp: 20835, statuses: [] },
      NATLAN_SKIRK: { level: 60, xp: 0, hp: 30025, statuses: [] },
      NATLAN_XILONEN: { level: 60, xp: 0, hp: 23285, statuses: [] },
      NATLAN_CITLALI: { level: 60, xp: 0, hp: 21446, statuses: [] },
      NATLAN_VARESA: { level: 60, xp: 0, hp: 24512, statuses: [] },
      NATLAN_IFA: { level: 60, xp: 0, hp: 20835, statuses: [] },
      NATLAN_IANSAN: { level: 60, xp: 0, hp: 21446, statuses: [] },
      NODKRAI_COLUMBINA: { level: 60, xp: 0, hp: 23898, statuses: [] },
      NODKRAI_DURIN: { level: 60, xp: 0, hp: 26043, statuses: [] },
      NODKRAI_AINO: { level: 60, xp: 0, hp: 18996, statuses: [] },
      NODKRAI_NICOLE: { level: 60, xp: 0, hp: 27575, statuses: [] },
      NODKRAI_NEFER: { level: 60, xp: 0, hp: 21141, statuses: [] },
      NODKRAI_FLINS: { level: 60, xp: 0, hp: 22673, statuses: [] },
      NODKRAI_LINNEA: { level: 60, xp: 0, hp: 19608, statuses: [] },
      NODKRAI_LAUMA: { level: 60, xp: 0, hp: 22060, statuses: [] },
      NODKRAI_SANDRONE: { level: 60, xp: 0, hp: 22366, statuses: [] },
      NODKRAI_VARKA: { level: 60, xp: 0, hp: 25737, statuses: [] },
      NODKRAI_YAHODA: { level: 60, xp: 0, hp: 19916, statuses: [] },
      NODKRAI_INEFA: { level: 60, xp: 0, hp: 22366, statuses: [] },
      LIYUE_ZIBAI: { level: 60, xp: 0, hp: 31886, statuses: [] },
      SNEZ_ODDETTE: { level: 60, xp: 0, hp: 23285, statuses: [] },
      SNEZ_ALYOSHA: { level: 60, xp: 0, hp: 21446, statuses: [] },
      NODKRAI_ILLUGA: { level: 60, xp: 0, hp: 22366, statuses: [] },
      NODKRAI_LOHEN: { level: 60, xp: 0, hp: 24512, statuses: [] },
      NODKRAI_PRUNE: { level: 60, xp: 0, hp: 19916, statuses: [] },
      SNEZ_VESNA: { level: 60, xp: 0, hp: 23285, statuses: [] },
      SNEZ_VODYANITSA: { level: 60, xp: 0, hp: 25123, statuses: [] }
    },
    flags: {
      FLAG_SAMPLE: false,
      FLAG_BOSS_DVALIN_CLEAR: null,
      FLAG_BOSS_ANDRIUS_CLEAR: null,
      FLAG_BOSS_AZHDAHA_CLEAR: null,
      FLAG_BOSS_OSIAL_CLEAR: null,
      FLAG_BOSS_MIKOTO_CLEAR: null,
      FLAG_BOSS_SIGNORA_CLEAR: null,
      FLAG_BOSS_SHOUKI_CLEAR: null,
      FLAG_BOSS_APEP_CLEAR: null,
      FLAG_BOSS_GOSOYTHOTH_CLEAR: null,
      FLAG_BOSS_DOTTORE_FALSE_MOON_CLEAR: null,
      FLAG_BOSS_DOTTORE_HERETIC_SAINT_CLEAR: null,
      FLAG_MOND_FAVONIUS_SUPPLY_USED: null,
      FLAG_BOSS_NARWHAL_CLEAR: null,
      FLAG_BOSS_ARLECCHINO_CLEAR: null,
      FLAG_BOSS_RERIR_CLEAR: null,
      FLAG_MOND_XP_SUPPLY_USED: null,
      FLAG_MOND_EXP_PLAINS_CART_CLEAR: null,
      FLAG_MOND_EXP_PLAINS_CAMP_CLEAR: null,
      FLAG_MOND_EXP_FOREST_CACHE_CLEAR: null,
      FLAG_MOND_EXP_DRAGONSPINE_CACHE_CLEAR: null,
      FLAG_MOND_EXP_STORMTERROR_CACHE_CLEAR: null,
      FLAG_LIYUE_XP_SUPPLY_USED: null,
      FLAG_LIYUE_EXP_PLAINS_CARAVAN_CLEAR: null,
      FLAG_LIYUE_EXP_MOUNTAIN_CACHE_CLEAR: null,
      FLAG_LIYUE_EXP_CHASM_SURFACE_DEPOT_CLEAR: null,
      FLAG_LIYUE_EXP_CHASM_DEEP_CACHE_CLEAR: null,
      FLAG_INAZUMA_XP_SUPPLY_USED: null,
      FLAG_INAZUMA_EXP_NARUKAMI_CAMP_CLEAR: null,
      FLAG_INAZUMA_EXP_YASHIORI_WRECK_CLEAR: null,
      FLAG_INAZUMA_EXP_SEIRAI_CACHE_CLEAR: null,
      FLAG_SUMERU_XP_SUPPLY_USED: null,
      FLAG_SUMERU_EXP_RAINFOREST_CAMP_CLEAR: null,
      FLAG_SUMERU_EXP_DESERT_CARAVAN_CLEAR: null,
      FLAG_SUMERU_EXP_RUINS_STORE_CLEAR: null,
      FLAG_FONTAINE_XP_SUPPLY_USED: null,
      FLAG_FONTAINE_EXP_WILD_MAINT_CLEAR: null,
      FLAG_FONTAINE_EXP_WATER_CARGO_CLEAR: null,
      FLAG_FONTAINE_EXP_RUINS_ARCHIVE_CLEAR: null,
      FLAG_NATLAN_XP_SUPPLY_USED: null,
      FLAG_NATLAN_EXP_WILD_ROUTE_CLEAR: null,
      FLAG_NATLAN_EXP_VOLCANIC_CACHE_CLEAR: null,
      FLAG_NODKRAI_XP_SUPPLY_USED: null,
      FLAG_NODKRAI_EXP_HISHI_STORE_CLEAR: null,
      FLAG_NODKRAI_EXP_MIST_SURVEY_CLEAR: null,
      FLAG_NODKRAI_EXP_VOIDCOAST_WRECK_CLEAR: null,
      FLAG_NODKRAI_EXP_PAINCLIFF_CACHE_CLEAR: null,
      FLAG_SNEZ_XP_SUPPLY_USED: null,
      FLAG_SNEZ_EXP_SNOW_DEPOT_CLEAR: null,
      FLAG_SNEZ_EXP_FRONTIER_CACHE_CLEAR: null,
      FLAG_SNEZ_EXP_INDUSTRIAL_STORE_CLEAR: null,
      FLAG_BOSS_SNEZ_IMMORTAL_CLEAR: null,
      FLAG_BOSS_SNEZ_WINGED_LION_CLEAR: null,
      FLAG_SNEZ_ARCHON_7_1_CLEAR: false,
      FLAG_SNEZ_ARCHON_7_2_CLEAR: false,
      FLAG_SNEZ_ARCHON_7_3_CLEAR: false,
      FLAG_SNEZ_ARCHON_7_4_CLEAR: false,
      FLAG_SNEZ_WIND_FAIRY_SWORD_CLEAR: false,
      FLAG_SNEZ_TIDE_VARIATION_CLEAR: false,
      FLAG_SNEZ_WORLD_HESPERIDES_CLEAR: false,
      FLAG_SNEZ_WORLD_LIFE_HABITAT_CLEAR: false,
      FLAG_SNEZ_WORLD_PALACE_TOMB_CLEAR: false,
      FLAG_SNEZ_WORLD_FALLING_PALACE_CLEAR: false,
      FLAG_SNEZ_WORLD_VILE_STREET_CLEAR: false,
      FLAG_SNEZ_WORLD_SONG_FOR_HER_CLEAR: false,
      FLAG_SNEZ_WORLD_SILENT_SINKING_CLEAR: false,
      FLAG_SNEZ_WORLD_FROST_FAIRY_TROUBLE_CLEAR: false,
      FLAG_SNEZ_WORLD_SNOWFIELD_LUMBER_CLEAR: false,
      FLAG_SNEZ_WORLD_MISSING_SCULPTOR_CLEAR: false,
      FLAG_TRV_AVATAR: 'UNSET',
      FLAG_TRV_FOREST_APPROACH: 'UNSET',
      FLAG_TRV_DRAGON_RESPONSE: 'UNSET',
      FLAG_TRV_CRYSTAL_STATE: 'UNSET',
      FLAG_TRV_AMBER_DISCLOSURE: 'UNSET',
      FLAG_TRV_AMBER_ESCORT: 'UNSET',
      FLAG_TRV_CITY_PRIORITY: 'UNSET',
      FLAG_TRV_KAEYA_TONE: 'UNSET',
      FLAG_TRV_JEAN_EVIDENCE: 'UNSET',
      FLAG_TRV_SIBLING_QUERY: 'UNSET',
      FLAG_TRV_LIBRARY_CHOICE: 'UNSET',
      FLAG_TRV_MON_PROLOGUE_CLEAR: false,
      FLAG_ISK_ARRIVAL_MEMORY: 'BLANK',
      FLAG_ISK_FIRST_COMPOSURE: 'UNSET',
      FLAG_ISK_MONSTER_REACTION: 'UNSET',
      FLAG_ISK_AMBER_FIRST_TONE: 'UNSET',
      FLAG_ISK_ORIGIN_DISCLOSURE: 'UNSET',
      FLAG_ISK_META_KNOWLEDGE: 'UNSET',
      FLAG_ISK_KNOWLEDGE_DISCLOSURE: 'UNSET',
      FLAG_ISK_ORIENTATION_PRIORITY: 'UNSET',
      FLAG_ISK_FIRST_GOAL: 'UNSET',
      FLAG_ISK_CITY_IMPRESSION: 'UNSET',
      FLAG_ISK_DVALIN_REACTION: 'UNSET',
      FLAG_ISK_CITY_ACTION: 'UNSET',
      FLAG_ISK_WORLD_ASSUMPTION: 'UNSET',
      FLAG_ISK_DVALIN_EVENT_SEEN: false,
      FLAG_ISK_MON_PROLOGUE_CLEAR: false,
      FLAG_TRV_WIND_GLIDER_GRANTED: false,
      FLAG_TRV_CITY_ATTACK_REPELLED: false,
      FLAG_TRV_VENTI_HIDDEN_AID: false,
      FLAG_TRV_KNIGHTS_TEAR_SECURED: false,
      FLAG_TRV_KNIGHTS_TEAR_PURIFIED: false,
      FLAG_TRV_THREE_TEMPLES_ASSIGNED: false,
      FLAG_TRV_HONORARY_KNIGHT_GRANTED: false,
      FLAG_TRV_MON_CH2_CLEAR: false,
      FLAG_TRV_FALCON_BATTLE_WON: false,
      FLAG_TRV_FALCON_TEMPLE_CLEARED: false,
      FLAG_TRV_WOLF_BATTLE_WON: false,
      FLAG_TRV_WOLF_TEMPLE_CLEARED: false,
      FLAG_TRV_LION_BATTLE_WON: false,
      FLAG_TRV_LION_TEMPLE_CLEARED: false,
      FLAG_TRV_THREE_TEMPLES_CLEARED: false,
      FLAG_TRV_VENTI_TEAR_ACQUIRED: false,
      FLAG_TRV_VENTI_TEAR_PURIFIED: false,
      FLAG_TRV_MAIN_MENU_UNLOCKED: false,
      FLAG_TRV_CARD_TRAVELER: false,
      FLAG_TRV_CARD_AMBER: false,
      FLAG_TRV_CARD_KAEYA: false,
      FLAG_TRV_CARD_LISA: false,
      FLAG_TRV_CARD_DILUC: false,
      FLAG_TRV_FATUI_CACHE_WON: false,
      FLAG_TRV_HOLY_LYRE_RECOVERED: false,
      FLAG_TRV_FALLEN_TEAR_BATTLE_WON: false,
      FLAG_TRV_FALLEN_TEAR_ACQUIRED: false,
      FLAG_TRV_FALLEN_TEAR_PURIFIED: false,
      FLAG_TRV_HIDDEN_TEAR_BATTLE_WON: false,
      FLAG_TRV_HIDDEN_TEAR_ACQUIRED: false,
      FLAG_TRV_HIDDEN_TEAR_PURIFIED: false,
      FLAG_TRV_STOLEN_TEAR_BATTLE_WON: false,
      FLAG_TRV_STOLEN_TEAR_ACQUIRED: false,
      FLAG_TRV_STOLEN_TEAR_PURIFIED: false,
      FLAG_TRV_HOLY_LYRE_RESTORED: false,
      FLAG_TRV_HOLY_LYRE_BROKEN: false,
      FLAG_TRV_VENTI_IDENTITY_REVEALED: false,
      FLAG_TRV_FIRST_DRAGON_REUNION_FAILED: false,
      FLAG_ISK_NAME_SET: false,
      FLAG_ISK_ADVENTURER_REGISTERED: false,
      FLAG_ISK_AID_RECEIVED: false,
      FLAG_ISK_STARTER_KIT_BOUGHT: false,
      FLAG_ISK_RECRUIT_AMBER: false,
      FLAG_ISK_JOIN_TONE: 'UNSET',
      FLAG_ISK_AFTER_TONE: 'UNSET',
      FLAG_ISK_KIT_TONE: 'UNSET',
      FLAG_ISK_MAIN_UNLOCKED: false,
      FLAG_TRV_DRAGON_PRIORITY: 'UNSET',
      FLAG_TRV_ACT3_ABYSS_WON: false,
      FLAG_TRV_LAIR_GATE_WON: false,
      FLAG_TRV_LAIR_OUTER_BARRIER_OPEN: false,
      FLAG_TRV_LAIR_CENTER_LIGHT: false,
      FLAG_TRV_LAIR_NORTH_LIGHT: false,
      FLAG_TRV_LAIR_WEST_WON: false,
      FLAG_TRV_LAIR_WEST_LIGHT: false,
      FLAG_TRV_LAIR_EAST_LIGHT: false,
      FLAG_TRV_LAIR_INNER_SEAL_OPEN: false,
      FLAG_TRV_DVALIN_PURIFIED: false,
      FLAG_TRV_DRAGON_FREEDOM_TONE: 'UNSET',
      FLAG_TRV_GNOSIS_TAKEN: false,
      FLAG_TRV_NEXT_JOURNEY_TONE: 'UNSET',
      FLAG_TRV_MOND_RELEASED: false,
      FLAG_ACCESS_REGION_MOND: true,
      FLAG_ACCESS_REGION_LIYUE: false,
      FLAG_ACCESS_REGION_INAZUMA: false,
      FLAG_ACCESS_REGION_SUMERU: false,
      FLAG_ACCESS_REGION_FONTAINE: false,
      FLAG_ACCESS_REGION_NATLAN: false,
      FLAG_ACCESS_REGION_NODKRAI: false,
      FLAG_ACCESS_REGION_SNEZ: false,
      FLAG_ISK_GUILD_TONE: 'UNSET',
      FLAG_ISK_HQ_FIRST_TONE: 'UNSET',
      FLAG_LEG_MOND_ALBEDO_CLEAR: false,
      FLAG_TRV_CARD_ALBEDO: false,
      FLAG_LEG_MOND_BARBARA_CLEAR: false,
      FLAG_TRV_CARD_BARBARA: false,
      FLAG_LEG_MOND_BENNETT_CLEAR: false,
      FLAG_TRV_CARD_BENNETT: false,
      FLAG_LEG_MOND_VENTI_CLEAR: false,
      FLAG_LEG_MOND_DIONA_CLEAR: false,
      FLAG_TRV_CARD_DIONA: false,
      FLAG_LEG_MOND_DAHLIA_CLEAR: false,
      FLAG_TRV_CARD_DAHLIA: false,
      FLAG_LEG_MOND_DILUC_CLEAR: false,
      FLAG_LEG_MOND_AMBER_CLEAR: false,
      FLAG_LEG_MOND_JEAN_CLEAR: false,
      FLAG_TRV_CARD_JEAN: false,
      FLAG_LEG_MOND_KAEYA_CLEAR: false,
      FLAG_LEG_MOND_KLEE_CLEAR: false,
      FLAG_TRV_CARD_KLEE: false,
      FLAG_LEG_MOND_MIKA_CLEAR: false,
      FLAG_TRV_CARD_MIKA: false,
      FLAG_LEG_MOND_MONA_CLEAR: false,
      FLAG_TRV_CARD_MONA: false,
      FLAG_LEG_MOND_NOELLE_CLEAR: false,
      FLAG_TRV_CARD_NOELLE: false,
      FLAG_LEG_MOND_FISCHL_CLEAR: false,
      FLAG_TRV_CARD_FISCHL: false,
      FLAG_LEG_MOND_LISA_CLEAR: false,
      FLAG_LEG_MOND_RAZOR_CLEAR: false,
      FLAG_TRV_CARD_RAZOR: false,
      FLAG_LEG_MOND_ROSARIA_CLEAR: false,
      FLAG_TRV_CARD_ROSARIA: false,
      FLAG_LEG_MOND_SUCROSE_CLEAR: false,
      FLAG_TRV_CARD_SUCROSE: false,
      FLAG_LEG_MOND_EULA_CLEAR: false,
      FLAG_TRV_CARD_EULA: false,
      FLAG_MOND_MIKA_RETURNED: false,
      FLAG_MOND_MONA_PRESENT: false,
      FLAG_ISK_CH2_START_TONE: 'UNSET',
      FLAG_ISK_DVALIN_REPORT_TONE: 'UNSET',
      FLAG_ISK_DVALIN_PLAN_TOLD: false,
      FLAG_ISK_PRIVATE_TONE: 'UNSET',
      FLAG_ISK_VENTI_TOLD_JEAN: false,
      FLAG_ISK_IDENTITY_TONE: 'UNSET',
      FLAG_ISK_LYRE_REACTION: 'UNSET',
      FLAG_ISK_LYRE_STATUS: 'UNSET',
      FLAG_ISK_FATUI_TEMPLE_DEAD: false,
      FLAG_ISK_DEAD_REACTION: 'UNSET',
      FLAG_ISK_TEAR_PLAN_TONE: 'UNSET',
      FLAG_ISK_TEAR_RECOVERED: false,
      FLAG_ISK_TEAR_TRY_TONE: 'UNSET',
      FLAG_ISK_TEAR_PURIFICATION: 'UNTESTED',
      FLAG_ISK_TEAR_FAILURE_TONE: 'UNSET',
      FLAG_ISK_SETTLED_DAYS_DONE: false,
      FLAG_ISK_SETTLED_TONE: 'UNSET',
      FLAG_ISK_EXPEDITION_ANNOUNCED: false,
      FLAG_ISK_EXPEDITION_QUESTION: 'UNSET',
      FLAG_ISK_MOND_BRANCH: 'UNSET',
      FLAG_ISK_EXPEDITION_FORK: 'UNSET',
      FLAG_ISK_RECRUIT_DILUC: false,
      FLAG_ISK_DILUC_LEGEND_FREE: false,
      FLAG_LEG_ISK_MOND_DILUC_CLEAR: false,
      FLAG_ISK_DVALIN_DEAD: false,
      FLAG_ISK_A_TEARS_ALL: false,
      FLAG_ISK_A_LYRE_RECOVERED: false,
      FLAG_ISK_A_FATUI_DEAD: false,
      FLAG_ISK_A_CALL_FAILED: false,
      FLAG_ISK_AA_HUNT_HALTED: false,
      FLAG_ISK_AB_CITY_WAIT: false,
      FLAG_ISK_B_DELIVERY_ACCEPTED: false,
      FLAG_ISK_B_DELIVERY_DONE: false,
      FLAG_ISK_B_NAIL_SHATTERED: false,
      FLAG_ISK_B_WHISPER_HEARD: false,
      FLAG_ISK_B_ORB_FOUND: false,
      FLAG_ISK_LEG_AMBER_CLEAR: false,
      FLAG_ISK_M04_K_BATTLE_WON: false,
      FLAG_ISK_M04_AA_BATTLE_WON: false,
      FLAG_ISK_M04_AB_BATTLE_WON: false,
      FLAG_ISK_M04_B_BATTLE_WON: false,
      FLAG_ISK_K_DEATH_CONFIRMED: false,
      FLAG_ISK_K_SNOW_WHISPER_REPORTED: false,
      FLAG_ISK_RECRUIT_JEAN: false,
      FLAG_ISK_K_NAIL_SHATTERED: false,
      FLAG_ISK_K_ORB_FOUND: false,
      FLAG_ISK_K_DVALIN_REVIVED: false,
      FLAG_ISK_AA_REMAINS_CONTACT: false,
      FLAG_ISK_AA_REMAINS_MISSING: false,
      FLAG_ISK_AA_DVALIN_LEFT_WITH_BARBATOS: false,
      FLAG_ISK_ORB_OWNED: false,
      FLAG_ISK_AB_DVALIN_DEATH_NEWS: false,
      FLAG_ISK_AB_FATUI_SITE_EMPTY: false,
      FLAG_ISK_AB_ALICE_GIFT_RECEIVED: false,
      FLAG_ISK_AB_DVALIN_REVIVED: false,
      FLAG_ISK_AB_ORB_RESONANCE_SEEN: false,
      FLAG_ISK_AB_DVALIN_DEPARTED_ALIVE: false,
      FLAG_ISK_B_ORB_TAKEN: false,
      FLAG_ISK_B_VENTI_BROUGHT_DVALIN: false,
      FLAG_ISK_B_ORB_RESONANCE_SEEN: false,
      FLAG_ISK_B_DVALIN_DEPARTED_ALIVE: false,
      FLAG_ISK_AA_ORB_CHOICE: 'UNSET',
      FLAG_ISK_M05_STARTED: false,
      FLAG_ISK_K_DVALIN_PURIFIED: false,
      FLAG_ISK_K_LIYUE_RITE_HEARD: false,
      FLAG_ISK_MOND_HONORARY_KNIGHT: false,
      FLAG_ISK_VENTI_GNOSIS_TAKEN: false,
      FLAG_ISK_AA_REMAINS_IN_ORB: false,
      FLAG_ISK_AA_MORAX_ADVICE: false,
      FLAG_ISK_AB_NO_FINDINGS_REPORTED: false,
      FLAG_ISK_AB_KEQING_REQUEST: false,
      FLAG_ISK_B_DELIVERY_REWARD_CLAIMED: false,
      FLAG_ISK_B_EXPEDITION_RETURNED: false,
      FLAG_ISK_MOND_DEPARTURE_READY: false,
      FLAG_ISK_M05_CLEAR: false,
      FLAG_LEG_ISK_MOND_JEAN_CLEAR: false,
      FLAG_LEG_ISK_MOND_EULA_CLEAR: false,
      FLAG_TRV_LY1_CLEAR: false,
      FLAG_TRV_LY2_CLEAR: false,
      FLAG_TRV_LY_GOLDEN_ACCESS: false,
      FLAG_TRV_LY_GOLDEN_ROUTE: 'UNSET',
      FLAG_TRV_LY_TARTAGLIA_WON: false,
      FLAG_TRV_LY_GOLDEN_EVIDENCE_SENT: false,
      FLAG_TRV_LY_OSIAL_RELEASED: false,
      FLAG_TRV_LY3_CLEAR: false,
      FLAG_TRV_LY_OSIAL_DEFENDED: false,
      FLAG_TRV_LIYUE_CLEAR: false,
      FLAG_TRV_LY1_LEFT_MOND: false,
      FLAG_TRV_LY1_TOKEN_RECEIVED: false,
      FLAG_TRV_LY1_MOON_CARVER_TOLD: false,
      FLAG_TRV_LY1_CLOUD_RETAINER_TOLD: false,
      FLAG_TRV_LY1_MOUNTAIN_SHAPER_TOLD: false,
      FLAG_TRV_LY1_XIAO_TOLD: false,
      FLAG_TRV_LY1_DEPART_TONE: 'UNSET',
      FLAG_TRV_LY1_FIRST_QUESTION: 'UNSET',
      FLAG_TRV_LY1_RITE_RESPONSE: 'UNSET',
      FLAG_TRV_LY1_EXIT_STYLE: 'UNSET',
      FLAG_TRV_LY1_TOKEN_RESPONSE: 'UNSET',
      FLAG_TRV_LY1_ADEPTUS_REQUEST: 'UNSET',
      FLAG_TRV_LY_A_REPORT_TONE: 'UNSET',
      FLAG_TRV_LY_B_REPORT_TONE: 'UNSET',
      FLAG_TRV_LY4_SERVICE: 'UNSET',
      FLAG_TRV_LY4_DEFENSE: 'UNSET',
      FLAG_TRV_LY4_FINAL_ROLE: 'UNSET',
      FLAG_TRV_LY4_MORAX_REACTION: 'UNSET',
      FLAG_TRV_LY4_NEXT_MOTIVE: 'UNSET',
      FLAG_TRV_LY4_FATUI_WON: false,
      FLAG_TRV_LY4_A_REPORT: 'UNSET',
      FLAG_TRV_LY4_B_REPORT: 'UNSET',
      FLAG_TRV_LY4_POSTER_SCOPE: 'UNSET',
      FLAG_TRV_LY4_POSTERS_REQUESTED: false,
      FLAG_TRV_LY4_POSTERS_GRANTED: false,
      FLAG_ISK_L01_STARTED: false,
      FLAG_ISK_L01_PARENT_BRANCH: 'NONE',
      FLAG_ISK_L01_LEAF: 'NONE',
      FLAG_ISK_L01_HARBOR_LOCKED: false,
      FLAG_ISK_L01_BLOCKADE_KNOWN: false,
      FLAG_ISK_L01_B_DEPARTURE_ACCEPTED: false,
      FLAG_ISK_L01_OVERNIGHT_DONE: false,
      FLAG_ISK_L01_CONTENT_GATE: false,
      FLAG_LEG_LIYUE_ZHONGLI_CLEAR: false,
      FLAG_LEG_LIYUE_NINGGUANG_CLEAR: false,
      FLAG_TRV_CARD_NINGGUANG: false,
      FLAG_LEG_LIYUE_BEIDOU_CLEAR: false,
      FLAG_TRV_CARD_BEIDOU: false,
      FLAG_LEG_LIYUE_YELAN_CLEAR: false,
      FLAG_TRV_CARD_YELAN: false,
      FLAG_LEG_LIYUE_KEQING_CLEAR: false,
      FLAG_TRV_CARD_KEQING: false,
      FLAG_ISK_L02_STARTED: false,
      FLAG_ISK_L02_LEAF: 'NONE',
      FLAG_ISK_L02_FIVE_DAYS_DONE: false,
      FLAG_ISK_L02_ACCESS_PHASE: 'OUTSIDE',
      FLAG_ISK_L02_MASS_DEATH_WITNESSED: false,
      FLAG_ISK_L02_KEQING_UNRECOGNIZED: false,
      FLAG_ISK_L02_CONTENT_GATE: false,
      FLAG_LEG_LIYUE_BAIZHU_CLEAR: false,
      FLAG_TRV_CARD_BAIZHU: false,
      FLAG_LEG_LIYUE_QIQI_CLEAR: false,
      FLAG_TRV_CARD_QIQI: false,
      FLAG_LEG_LIYUE_GAMING_CLEAR: false,
      FLAG_TRV_CARD_GAMING: false,
      FLAG_LEG_LIYUE_GANYU_CLEAR: false,
      FLAG_TRV_CARD_GANYU: false,
      FLAG_LEG_LIYUE_XINGQIU_CLEAR: false,
      FLAG_TRV_CARD_XINGQIU: false,
      FLAG_LEG_LIYUE_HUTAO_CLEAR: false,
      FLAG_TRV_CARD_HUTAO: false,
      FLAG_LEG_LIYUE_XIANGLING_CLEAR: false,
      FLAG_TRV_CARD_XIANGLING: false,
      FLAG_LEG_LIYUE_XIANYUN_CLEAR: false,
      FLAG_TRV_CARD_XIANYUN: false,
      FLAG_LEG_LIYUE_LANYAN_CLEAR: false,
      FLAG_TRV_CARD_LANYAN: false,
      FLAG_LEG_LIYUE_XIAO_CLEAR: false,
      FLAG_TRV_CARD_XIAO: false,
      FLAG_LEG_LIYUE_SHENHE_CLEAR: false,
      FLAG_TRV_CARD_SHENHE: false,
      FLAG_LEG_LIYUE_XINYAN_CLEAR: false,
      FLAG_TRV_CARD_XINYAN: false,
      FLAG_LEG_LIYUE_TARTAGLIA_CLEAR: false,
      FLAG_TRV_CARD_TARTAGLIA: false,
      FLAG_LEG_LIYUE_YANFEI_CLEAR: false,
      FLAG_TRV_CARD_YANFEI: false,
      FLAG_LEG_LIYUE_YUNJIN_CLEAR: false,
      FLAG_TRV_CARD_YUNJIN: false,
      FLAG_LEG_LIYUE_YAOYAO_CLEAR: false,
      FLAG_TRV_CARD_YAOYAO: false,
      FLAG_LEG_LIYUE_CHONGYUN_CLEAR: false,
      FLAG_TRV_CARD_CHONGYUN: false,
      FLAG_LEG_LIYUE_ZIBAI_CLEAR: false,
      FLAG_TRV_CARD_ZIBAI: false,
      FLAG_WORLD_ZIBAI_RETURNED: false,
      FLAG_ISK_L03_STARTED: false,
      FLAG_ISK_L03_LEAF: 'NONE',
      FLAG_ISK_L03_ACCESS_PHASE: 'OUTSIDE',
      FLAG_ISK_L03_GOLDEN_SUBDUED: false,
      FLAG_ISK_L03_CONTENT_GATE: false,
      FLAG_ISK_L04_STARTED: false,
      FLAG_ISK_L04_LEAF: 'NONE',
      FLAG_ISK_L04_ACCESS_PHASE: 'RESTRICTED',
      FLAG_ISK_L04_BATTLE_WON: false,
      FLAG_ISK_L04_REGION_CLEAR: false,
      FLAG_ISK_L04_CONTENT_GATE: false,
      FLAG_LEG_ISK_LIYUE_ZHONGLI_CLEAR: false,
      FLAG_LEG_ISK_LIYUE_NINGGUANG_CLEAR: false,
      FLAG_ISK_CARD_NINGGUANG: false,
      FLAG_LEG_ISK_LIYUE_BEIDOU_CLEAR: false,
      FLAG_ISK_CARD_BEIDOU: false,
      FLAG_LEG_ISK_LIYUE_YELAN_CLEAR: false,
      FLAG_ISK_CARD_YELAN: false,
      FLAG_LEG_ISK_LIYUE_KEQING_CLEAR: false,
      FLAG_ISK_CARD_KEQING: false,
      FLAG_LEG_ISK_LIYUE_BAIZHU_CLEAR: false,
      FLAG_ISK_CARD_BAIZHU: false,
      FLAG_LEG_ISK_LIYUE_QIQI_CLEAR: false,
      FLAG_ISK_CARD_QIQI: false,
      FLAG_LEG_ISK_LIYUE_GAMING_CLEAR: false,
      FLAG_ISK_CARD_GAMING: false,
      FLAG_LEG_ISK_LIYUE_GANYU_CLEAR: false,
      FLAG_ISK_CARD_GANYU: false,
      FLAG_LEG_ISK_LIYUE_XINGQIU_CLEAR: false,
      FLAG_ISK_CARD_XINGQIU: false,
      FLAG_LEG_ISK_LIYUE_XIANYUN_CLEAR: false,
      FLAG_ISK_CARD_XIANYUN: false,
      FLAG_LEG_ISK_LIYUE_XIANGLING_CLEAR: false,
      FLAG_ISK_CARD_XIANGLING: false,
      FLAG_LEG_ISK_LIYUE_HUTAO_CLEAR: false,
      FLAG_ISK_CARD_HUTAO: false,
      FLAG_LEG_ISK_LIYUE_LANYAN_CLEAR: false,
      FLAG_ISK_CARD_LANYAN: false,
      FLAG_LEG_ISK_LIYUE_XIAO_CLEAR: false,
      FLAG_ISK_CARD_XIAO: false,
      FLAG_LEG_ISK_LIYUE_SHENHE_CLEAR: false,
      FLAG_ISK_CARD_SHENHE: false,
      FLAG_LEG_ISK_LIYUE_XINYAN_CLEAR: false,
      FLAG_ISK_CARD_XINYAN: false,
      FLAG_LEG_ISK_LIYUE_TARTAGLIA_CLEAR: false,
      FLAG_ISK_CARD_TARTAGLIA: false,
      FLAG_LEG_ISK_LIYUE_YANFEI_CLEAR: false,
      FLAG_ISK_CARD_YANFEI: false,
      FLAG_LEG_ISK_LIYUE_YUNJIN_CLEAR: false,
      FLAG_ISK_CARD_YUNJIN: false,
      FLAG_LEG_ISK_LIYUE_YAOYAO_CLEAR: false,
      FLAG_ISK_CARD_YAOYAO: false,
      FLAG_LEG_ISK_LIYUE_CHONGYUN_CLEAR: false,
      FLAG_ISK_CARD_CHONGYUN: false,
      FLAG_LEG_ISK_LIYUE_ZIBAI_CLEAR: false,
      FLAG_ISK_CARD_ZIBAI: false,
      FLAG_CRPG_YAOYAO_TRAVEL_APPROVED: false,
      FLAG_LEG_ISK_MOND_ALBEDO_CLEAR: false,
      FLAG_ISK_RECRUIT_ALBEDO: false,
      FLAG_LEG_ISK_MOND_BARBARA_CLEAR: false,
      FLAG_ISK_RECRUIT_BARBARA: false,
      FLAG_LEG_ISK_MOND_BENNETT_CLEAR: false,
      FLAG_ISK_RECRUIT_BENNETT: false,
      FLAG_LEG_ISK_MOND_DIONA_CLEAR: false,
      FLAG_ISK_RECRUIT_DIONA: false,
      FLAG_LEG_ISK_MOND_DAHLIA_CLEAR: false,
      FLAG_ISK_RECRUIT_DAHLIA: false,
      FLAG_LEG_ISK_MOND_KAEYA_CLEAR: false,
      FLAG_ISK_RECRUIT_KAEYA: false,
      FLAG_LEG_ISK_MOND_KLEE_CLEAR: false,
      FLAG_ISK_RECRUIT_KLEE: false,
      FLAG_LEG_ISK_MOND_MIKA_CLEAR: false,
      FLAG_ISK_RECRUIT_MIKA: false,
      FLAG_LEG_ISK_MOND_MONA_CLEAR: false,
      FLAG_ISK_RECRUIT_MONA: false,
      FLAG_LEG_ISK_MOND_NOELLE_CLEAR: false,
      FLAG_ISK_RECRUIT_NOELLE: false,
      FLAG_LEG_ISK_MOND_FISCHL_CLEAR: false,
      FLAG_ISK_RECRUIT_FISCHL: false,
      FLAG_LEG_ISK_MOND_LISA_CLEAR: false,
      FLAG_ISK_RECRUIT_LISA: false,
      FLAG_LEG_ISK_MOND_RAZOR_CLEAR: false,
      FLAG_ISK_RECRUIT_RAZOR: false,
      FLAG_LEG_ISK_MOND_ROSARIA_CLEAR: false,
      FLAG_ISK_RECRUIT_ROSARIA: false,
      FLAG_LEG_ISK_MOND_SUCROSE_CLEAR: false,
      FLAG_ISK_RECRUIT_SUCROSE: false,
      FLAG_CRPG_ISEKAI_JOIN_MOND_JEAN: false,
      FLAG_CRPG_ISEKAI_JOIN_MOND_EULA: false,
      FLAG_TRV_ANEMO_UNLOCKED: false,
      FLAG_ISK_K_TEMPLE_EXIT: 'UNSET',
      FLAG_REV02_K_LIFT: 'UNSET',
      FLAG_REV02_AB_LEDGE: 'UNSET',
      FLAG_REV02_B_AMBUSH: 'UNSET',
      FLAG_REV02_TRV_BRIDGE: 'UNSET',
      FLAG_REV02_K1_REPEAT: 'UNSET',
      FLAG_REV02_K2_BRAKE: 'UNSET',
      FLAG_REV02_AA1_SCREEN: 'UNSET',
      FLAG_REV02_AA2_COURIER: 'UNSET',
      FLAG_REV02_AB1_WARNING: 'UNSET',
      FLAG_REV02_AB2_HATCH: 'UNSET',
      FLAG_REV02_B1_FIRE: 'UNSET',
      FLAG_REV02_B2_LASHING: 'UNSET',
      FLAG_REV02_TRVA_POSITION: 'UNSET',
      FLAG_REV02_TRVB_ESCAPE: 'UNSET',
      FLAG_CRPG_VENTI_OCULUS_OWNED: false
    },
    inventory: [
      {
        slot: 'EQI_000001',
        equip: 'EQ_SWORD_TRAVELER',
        quantity: 1,
        enhance: 0,
        instanceRevision: 0,
        owner: '공용',
        equipped: false
      },
      {
        slot: 'EQI_000002',
        equip: 'EQ_ARMOR_TRAVEL_COAT',
        quantity: 1,
        enhance: 0,
        instanceRevision: 0,
        owner: '공용',
        equipped: false
      },
      {
        slot: 'ITEM_FOOD_SWEET_MADAME',
        item: 'FOOD_SWEET_MADAME',
        quantity: 2,
        owner: '공용'
      },
      {
        slot: 'ITEM_FOOD_HASH_BROWN',
        item: 'FOOD_HASH_BROWN',
        quantity: 2,
        owner: '공용'
      },
      {
        slot: 'EQI_000003',
        equip: 'EQ_CLAYMORE_DEBATE',
        quantity: 1,
        enhance: 0,
        instanceRevision: 0,
        owner: '공용',
        equipped: false,
        category: 'WEAPON'
      },
      {
        slot: 'EQI_000004',
        equip: 'EQ_CLAYMORE_DEBATE',
        quantity: 1,
        enhance: 0,
        instanceRevision: 0,
        owner: '공용',
        equipped: false,
        category: 'WEAPON'
      },
      {
        slot: 'EQI_000005',
        equip: 'EQ_SWORD_HARBINGER',
        quantity: 1,
        enhance: 0,
        instanceRevision: 0,
        owner: '공용',
        equipped: false,
        category: 'WEAPON'
      },
      {
        slot: 'EQI_000006',
        equip: 'EQ_CATALYST_AMBER',
        quantity: 1,
        enhance: 12,
        instanceRevision: 0,
        owner: 'PLAYER_CUSTOM',
        equipped: true,
        enhancementCap: 12,
        category: 'WEAPON'
      },
      {
        slot: 'EQI_000007',
        equip: 'EQ_ARMOR_IRON_GUARD',
        quantity: 1,
        enhance: 12,
        instanceRevision: 0,
        owner: 'PLAYER_CUSTOM',
        equipped: true,
        enhancementCap: 12,
        category: 'ARMOR'
      },
      {
        slot: 'EQI_000008',
        equip: 'EQ_ACC_VITAL_RING',
        quantity: 1,
        enhance: 12,
        instanceRevision: 0,
        owner: 'PLAYER_CUSTOM',
        equipped: true,
        enhancementCap: 12,
        category: 'ACCESSORY'
      },
      {
        slot: 'EQI_000009',
        equip: 'EQ_CLAYMORE_WHITEBLIND',
        quantity: 1,
        enhance: 12,
        instanceRevision: 0,
        owner: 'MOND_DILUC',
        equipped: true,
        enhancementCap: 12,
        category: 'WEAPON'
      },
      {
        slot: 'EQI_000010',
        equip: 'EQ_ARMOR_IRON_GUARD',
        quantity: 1,
        enhance: 12,
        instanceRevision: 0,
        owner: 'MOND_DILUC',
        equipped: true,
        enhancementCap: 12,
        category: 'ARMOR'
      },
      {
        slot: 'EQI_000011',
        equip: 'EQ_ACC_VITAL_RING',
        quantity: 1,
        enhance: 12,
        instanceRevision: 0,
        owner: 'MOND_DILUC',
        equipped: true,
        enhancementCap: 12,
        category: 'ACCESSORY'
      },
      {
        slot: 'EQI_000012',
        equip: 'EQ_CLAYMORE_WHITEBLIND',
        quantity: 1,
        enhance: 12,
        instanceRevision: 0,
        owner: 'MOND_NOELLE',
        equipped: true,
        enhancementCap: 12,
        category: 'WEAPON'
      },
      {
        slot: 'EQI_000013',
        equip: 'EQ_ARMOR_IRON_GUARD',
        quantity: 1,
        enhance: 12,
        instanceRevision: 0,
        owner: 'MOND_NOELLE',
        equipped: true,
        enhancementCap: 12,
        category: 'ARMOR'
      },
      {
        slot: 'EQI_000014',
        equip: 'EQ_ACC_VITAL_RING',
        quantity: 1,
        enhance: 12,
        instanceRevision: 0,
        owner: 'MOND_NOELLE',
        equipped: true,
        enhancementCap: 12,
        category: 'ACCESSORY'
      },
      {
        slot: 'EQI_000015',
        equip: 'EQ_EX_MOND_JEAN',
        quantity: 1,
        enhance: 12,
        instanceRevision: 0,
        owner: 'MOND_JEAN',
        equipped: true,
        enhancementCap: 12,
        category: 'WEAPON'
      },
      {
        slot: 'EQI_000016',
        equip: 'EQ_ARMOR_IRON_GUARD',
        quantity: 1,
        enhance: 12,
        instanceRevision: 0,
        owner: 'MOND_JEAN',
        equipped: true,
        enhancementCap: 12,
        category: 'ARMOR'
      },
      {
        slot: 'EQI_000017',
        equip: 'EQ_ACC_VITAL_RING',
        quantity: 1,
        enhance: 12,
        instanceRevision: 0,
        owner: 'MOND_JEAN',
        equipped: true,
        enhancementCap: 12,
        category: 'ACCESSORY'
      }
    ],
    quests: {
      Q_ISK_MOND_01: {
        state: '진행중',
        node: 'OFFERED',
        claimed: false,
        attempts: 0,
        acceptedTurn: 1
      }
    },
    relations: {},
    party: [
      {
        slot: 'PARTY_1',
        type: 'PLAYER',
        source: 'PLAYER_CUSTOM',
        control: 'PLAYER',
        active: true,
        tactic: '균형'
      },
      {
        slot: 'PARTY_2',
        type: 'CHAR',
        source: 'MOND_DILUC',
        control: 'AI',
        active: true,
        tactic: '균형'
      },
      {
        slot: 'PARTY_3',
        type: 'CHAR',
        source: 'MOND_NOELLE',
        control: 'AI',
        active: true,
        tactic: '균형'
      },
      {
        slot: 'PARTY_4',
        type: 'CHAR',
        source: 'MOND_JEAN',
        control: 'AI',
        active: true,
        tactic: '균형'
      }
    ],
    runtime: {
      combatVersion: 1,
      defenseRevision: 1,
      healingBalanceRevision: 1,
      characterBalanceRevision: 1,
      id: 'V011-32:B20',
      group: 'EG_LEY_MOND_PLAINS',
      origin: 'BOSS:BRT_LEY_REVELATION_MOND_PLAINS',
      round: 1,
      actors: [
        {
          id: 'PLAYER_CUSTOM',
          source: 'PLAYER_CUSTOM',
          name: '클라나드',
          side: 'ALLY',
          control: 'PLAYER',
          hp: 20157,
          maxHp: 20157,
          atk: 3282,
          def: 1492,
          spd: 72,
          level: 60,
          crit: 5,
          critDmg: 50,
          hit: 80,
          eva: 4,
          resist: 10,
          range: '중거리',
          aura: null,
          statuses: [ [Object] ],
          cooldowns: {},
          guest: false,
          shields: [],
          turns: 0,
          slot: 1,
          tactic: '균형',
          protagonist: { version: 1, route: 'ROUTE_ISEKAI', skillIds: [Array] },
          traits: {
            ELEMENT_BOOST: [Object],
            HEAVY: 15,
            STAGGER_RES: 100,
            ELEMENT_RES: [Object],
            HEAL_BOOST: 8
          },
          traitState: { firstHit: false, firstStrike: false },
          position: { x: 2, y: 0 },
          size: 'MEDIUM',
          facing: 1,
          nextScorePenalty: 0
        },
        {
          id: 'MOND_DILUC',
          source: 'MOND_DILUC',
          name: '다이루크',
          side: 'ALLY',
          control: 'AI',
          hp: 34565,
          maxHp: 34565,
          atk: 6989.4400000000005,
          def: 4207.6,
          spd: 72,
          level: 60,
          crit: 23,
          critDmg: 70,
          hit: 95,
          eva: 5,
          resist: 42,
          range: '근접',
          aura: null,
          statuses: [ [Object] ],
          cooldowns: {},
          tags: [ '[광계]', '[불]' ],
          bondHearts: 0,
          bondBonusPercent: 0,
          baseAttack: 6778,
          guest: false,
          shields: [],
          turns: 0,
          slot: 2,
          tactic: '균형',
          traits: {
            STACK_ATK: 3,
            HEAVY: 21,
            ARMOR_BREAK: 25,
            STAGGER_RES: 100,
            ELEMENT_RES: [Object],
            HEAL_BOOST: 8
          },
          traitState: { firstHit: false, firstStrike: false },
          position: { x: 2, y: 1 },
          size: 'MEDIUM',
          facing: 1,
          nextScorePenalty: 0
        },
        {
          id: 'MOND_NOELLE',
          source: 'MOND_NOELLE',
          name: '노엘',
          side: 'ALLY',
          control: 'AI',
          hp: 27275,
          maxHp: 28639,
          atk: 3863.2000000000003,
          def: 4147,
          spd: 62,
          level: 60,
          crit: 10,
          critDmg: 55,
          hit: 95,
          eva: 4,
          resist: 42,
          range: '중거리',
          aura: null,
          statuses: [ [Object] ],
          cooldowns: {},
          tags: [ '[광계]', '[바위]' ],
          bondHearts: 0,
          bondBonusPercent: 0,
          baseAttack: 3712,
          guest: false,
          shields: [],
          turns: 0,
          slot: 3,
          tactic: '균형',
          traits: {
            STACK_ATK: 3,
            HEAVY: 21,
            ARMOR_BREAK: 25,
            STAGGER_RES: 100,
            ELEMENT_RES: [Object],
            HEAL_BOOST: 8
          },
          traitState: { firstHit: false, firstStrike: false },
          position: { x: 2, y: 2 },
          size: 'MEDIUM',
          facing: 1,
          nextScorePenalty: 0
        },
        {
          id: 'MOND_JEAN',
          source: 'MOND_JEAN',
          name: '진',
          side: 'ALLY',
          control: 'AI',
          hp: 34565,
          maxHp: 34565,
          atk: 6115.76,
          def: 4247.8,
          spd: 69,
          level: 60,
          crit: 16,
          critDmg: 60,
          hit: 95,
          eva: 5,
          resist: 40,
          range: '중거리',
          aura: null,
          statuses: [ [Object] ],
          cooldowns: {},
          tags: [ '[광계]', '[바람]' ],
          bondHearts: 0,
          bondBonusPercent: 0,
          baseAttack: 5923,
          guest: false,
          shields: [],
          turns: 0,
          slot: 4,
          tactic: '균형',
          slotDamageMultiplier: 0.8,
          traits: {
            PRECISION: 5,
            SIGNATURE: 15,
            HEAL_OUT: 15,
            COVER: 15,
            HEAVY: 15,
            STAGGER_RES: 100,
            ELEMENT_RES: [Object],
            HEAL_BOOST: 8
          },
          traitState: { firstHit: false, firstStrike: false },
          position: { x: 2, y: 3 },
          size: 'MEDIUM',
          facing: 1,
          nextScorePenalty: 0
        },
        {
          id: 'MON_MITACHURL_WOOD#1',
          source: 'MON_MITACHURL_WOOD',
          name: '나무 방패 츄츄 폭도',
          side: 'ENEMY',
          control: 'AI',
          hp: 69259,
          maxHp: 69259,
          atk: 25648,
          def: 1753,
          crit: 10,
          critDmg: 60,
          level: 60,
          spd: 64,
          hit: 92,
          eva: 3,
          resist: 10,
          range: '근접',
          grade: '정예',
          tags: [ '[물리]' ],
          tactic: '생존우선',
          nativeAura: null,
          aura: null,
          statuses: [],
          cooldowns: {},
          shields: [],
          turns: 0,
          airborne: false,
          element: '물리',
          hasDedicatedCards: true,
          enemySkillsInitialized: true,
          enemyWoodOpenRound: 0,
          position: { x: 3, y: 0 },
          size: 'LARGE',
          facing: -1,
          nextScorePenalty: 0,
          family: '츄츄족',
          targetRule: 'FRONT',
          growthScaled: true
        },
        {
          id: 'MON_HILI_FIGHTER#1',
          source: 'MON_HILI_FIGHTER',
          name: '츄츄 싸움꾼',
          side: 'ENEMY',
          control: 'AI',
          hp: 23800,
          maxHp: 23800,
          atk: 15680,
          def: 1249,
          crit: 8,
          critDmg: 55,
          level: 60,
          spd: 76,
          hit: 92,
          eva: 4,
          resist: 5,
          range: '근접',
          grade: '일반',
          tags: [ '[물리]' ],
          tactic: '균형',
          nativeAura: null,
          aura: null,
          statuses: [],
          cooldowns: {},
          shields: [],
          turns: 0,
          airborne: false,
          element: '물리',
          hasDedicatedCards: true,
          enemySkillsInitialized: true,
          position: { x: 3, y: 1 },
          size: 'SMALL',
          facing: -1,
          nextScorePenalty: 0,
          family: '츄츄족',
          targetRule: 'FRONT',
          growthScaled: true
        },
        {
          id: 'MON_HILI_SHOOTER#1',
          source: 'MON_HILI_SHOOTER',
          name: '츄츄 궁수',
          side: 'ENEMY',
          control: 'AI',
          hp: 23800,
          maxHp: 23800,
          atk: 15680,
          def: 1249,
          crit: 8,
          critDmg: 55,
          level: 60,
          spd: 82,
          hit: 92,
          eva: 5,
          resist: 5,
          range: '원거리',
          grade: '일반',
          tags: [ '[물리]' ],
          tactic: '균형',
          nativeAura: null,
          aura: null,
          statuses: [],
          cooldowns: {},
          shields: [],
          turns: 0,
          airborne: false,
          element: '물리',
          hasDedicatedCards: true,
          enemySkillsInitialized: true,
          position: { x: 3, y: 2 },
          size: 'SMALL',
          facing: -1,
          nextScorePenalty: 0,
          family: '츄츄족',
          targetRule: 'SPREAD',
          growthScaled: true
        }
      ],
      order: [
        { id: 'PLAYER_CUSTOM', first: false, score: 80 },
        { id: 'MON_HILI_SHOOTER#1', first: false, score: 87 },
        { id: 'MON_HILI_FIGHTER#1', first: false, score: 81 },
        { id: 'MOND_DILUC', first: false, score: 79 },
        { id: 'MON_MITACHURL_WOOD#1', first: false, score: 70 },
        { id: 'MOND_JEAN', first: false, score: 70 },
        { id: 'MOND_NOELLE', first: false, score: 70 }
      ],
      cursor: 0,
      phase: 'WAIT_PLAYER',
      ticks: {},
      log: [],
      fields: [],
      terrain: null,
      storyConfig: null,
      interludeSeen: {},
      pendingInterludes: [],
      toolCharges: {},
      actionSequence: 0,
      relationshipTarget: null,
      enemyReserve: [],
      capacityVersion: 1,
      enemySkillVersion: 1,
      opening: {
        version: 1,
        state: 'PENDING',
        round: 1,
        createdActionId: 'V011-32:20',
        initialOrder: [
          { id: 'PLAYER_CUSTOM', first: false, score: 80 },
          { id: 'MON_HILI_SHOOTER#1', first: false, score: 87 },
          { id: 'MON_HILI_FIGHTER#1', first: false, score: 81 },
          { id: 'MOND_DILUC', first: false, score: 79 },
          { id: 'MON_MITACHURL_WOOD#1', first: false, score: 70 },
          { id: 'MOND_JEAN', first: false, score: 70 },
          { id: 'MOND_NOELLE', first: false, score: 70 }
        ]
      },
      rulesVersion: 1,
      turnStarted: null,
      consStarted: true,
      encounter: {
        version: 1,
        kind: 'BOSS',
        label: '강적에게 도전',
        text: '몬드 외곽 초원의 강적에게 도전했습니다. 파티와 행동 순서를 확인한 뒤 결전을 시작하세요.',
        map: 'MAP_MOND_PLAINS',
        from: 'MAP_MOND_PLAINS'
      },
      gearTraitsVersion: 1,
      hazards: [],
      formationV1: { id: 'DOUBLE_LINE', synergy: false },
      leyLine: {
        version: 2,
        kind: 'REVELATION',
        route: 'BRT_LEY_REVELATION_MOND_PLAINS',
        map: 'MAP_MOND_PLAINS',
        hour: 497669,
        tier: 5,
        level: 60
      },
      mondBalance: {
        version: 1,
        kind: 'BOSS',
        risk: 0,
        rewards: { xp: 400, mora: 0, parts: [ [Object], [Object], [Object] ] }
      },
      localBalance: { version: 1 },
      enemyBalanceRevision: 1,
      growthBalance: { version: 1, level: 60, field: false, roundLimit: 30 },
      taskSnapshot: {
        version: 1,
        day: 20736,
        week: 2962,
        startedSeq: 19,
        map: 'MAP_MOND_PLAINS',
        party: [
          {
            id: 'PLAYER_CUSTOM',
            element: 'PHYSICAL',
            rarity: 0,
            owned: true,
            alive: true
          },
          {
            id: 'MOND_DILUC',
            element: 'PYRO',
            rarity: 5,
            owned: true,
            alive: true
          },
          {
            id: 'MOND_NOELLE',
            element: 'GEO',
            rarity: 4,
            owned: true,
            alive: true
          },
          {
            id: 'MOND_JEAN',
            element: 'ANEMO',
            rarity: 5,
            owned: true,
            alive: true
          }
        ],
        enemies: [
          'MON_MITACHURL_WOOD',
          'MON_HILI_FIGHTER',
          'MON_HILI_SHOOTER'
        ],
        stage: 60,
        tier: 5,
        domainType: '',
        leyType: 'REVELATION'
      },
      adminBalanceRevision: 0
    },
    log: [],
    processed: {},
    liyue: {
      version: 1,
      route: 'ROUTE_ISEKAI',
      activeQuest: null,
      accepts: {},
      events: {},
      chapters: {},
      travels: {},
      battles: {},
      access: { phase: 'OUTSIDE' },
      regionReceipt: null
    },
    exploration: {
      schema: 1,
      visitedMaps: { MAP_MOND_PLAINS: true, MAP_V141_MUSK_REEF: true },
      oculi: {},
      tiers: []
    },
    lifeRevision: 2,
    worldProgress: {
      version: 1,
      oculi: {},
      commissions: {},
      training: { day: 0, count: 0 },
      mastery: 0,
      milestones: {}
    },
    permanentPartyVersion: 1,
    journeyVersion: 1,
    marketVersion: 1,
    geographyVersion: 1,
    geoOculi: {
      version: 1,
      route: 'ROUTE_ISEKAI',
      progress: {},
      receipts: {},
      tiers: []
    },
    equipmentGuide: {
      version: 1,
      acquired: false,
      equipped: false,
      pendingAcquired: {
        slot: 'EQI_000001',
        equip: 'EQ_SWORD_TRAVELER',
        name: '여행자의 검',
        category: 'WEAPON'
      },
      pendingEquipped: {
        slot: 'EQI_000003',
        equip: 'EQ_CLAYMORE_DEBATE',
        owner: 'MOND_DILUC',
        before: {
          name: '다이루크',
          maxHp: 31886,
          atk: 6651.76,
          def: 3821.6800000000003,
          spd: 75,
          crit: 18,
          critDmg: 70,
          hit: 95,
          eva: 7,
          resist: 37
        },
        after: {
          name: '다이루크',
          maxHp: 31886,
          atk: 6764.320000000001,
          def: 3821.6800000000003,
          spd: 74,
          crit: 18,
          critDmg: 70,
          hit: 95,
          eva: 6,
          resist: 37
        }
      }
    },
    equipmentValueVersion: 1,
    enhancementVersion: 1,
    abyss: {
      version: 2,
      season: 'ABYSS_2026_10',
      tags: {},
      clears: {},
      claimed: {},
      attempts: 0,
      resets: 0,
      totalRounds: 0,
      run: 1,
      active: null
    },
    partyFormation: 'DOUBLE_LINE',
    learningGuide: {
      version: 1,
      done: { party: true, equip: true },
      dismissed: false,
      auto: true
    },
    storyPace: { version: 1, lines: 0 },
    starterKit: {
      version: 1,
      player: true,
      companions: {
        MOND_DILUC: 'EQ_CLAYMORE_DEBATE',
        MOND_NOELLE: 'EQ_CLAYMORE_DEBATE',
        MOND_JEAN: 'EQ_SWORD_HARBINGER'
      },
      slots: [
        'EQI_000001',
        'EQI_000002',
        'EQI_000003',
        'EQI_000004',
        'EQI_000005'
      ],
      worn: {
        MOND_DILUC: true,
        MOND_NOELLE: true,
        MOND_JEAN: true,
        PLAYER_CUSTOM: true
      }
    },
    growthPacingVersion: 3,
    ascensions: {
      PLAYER_CUSTOM: 6,
      MOND_ALBEDO: 6,
      MOND_BARBARA: 6,
      MOND_BENNETT: 6,
      MOND_VENTI: 6,
      MOND_DIONA: 6,
      MOND_DAHLIA: 6,
      MOND_DILUC: 6,
      MOND_AMBER: 6,
      MOND_JEAN: 6,
      MOND_KAEYA: 6,
      MOND_KLEE: 6,
      MOND_MIKA: 6,
      MOND_MONA: 6,
      MOND_NOELLE: 6,
      MOND_FISCHL: 6,
      MOND_LISA: 6,
      MOND_RAZOR: 6,
      MOND_ROSARIA: 6,
      MOND_SUCROSE: 6,
      MOND_EULA: 6,
      LIYUE_BAIZHU: 6,
      LIYUE_BEIDOU: 6,
      LIYUE_QIQI: 6,
      LIYUE_NINGGUANG: 6,
      LIYUE_KEQING: 6,
      LIYUE_GAMING: 6,
      LIYUE_GANYU: 6,
      LIYUE_XINGQIU: 6,
      LIYUE_HUTAO: 6,
      LIYUE_XIANGLING: 6,
      LIYUE_XIANYUN: 6,
      LIYUE_LANYAN: 6,
      LIYUE_XIAO: 6,
      LIYUE_SHENHE: 6,
      LIYUE_XINYAN: 6,
      LIYUE_TARTAGLIA: 6,
      LIYUE_YANFEI: 6,
      LIYUE_YELAN: 6,
      LIYUE_YUNJIN: 6,
      LIYUE_YAOYAO: 6,
      LIYUE_ZHONGLI: 6,
      LIYUE_CHONGYUN: 6,
      SUMERU_ALHAITHAM: 6,
      SUMERU_DEHYA: 6,
      SUMERU_DORI: 6,
      SUMERU_KAVEH: 6,
      SUMERU_CANDACE: 6,
      SUMERU_COLLEI: 6,
      SUMERU_NAHIDA: 6,
      SUMERU_NILOU: 6,
      SUMERU_FARUZAN: 6,
      SUMERU_LAYLA: 6,
      SUMERU_CYNO: 6,
      SUMERU_WANDERER: 6,
      SUMERU_SETHOS: 6,
      SUMERU_TIGHNARI: 6,
      INAZUMA_AYAKA: 6,
      INAZUMA_AYATO: 6,
      INAZUMA_GOROU: 6,
      INAZUMA_HEIZOU: 6,
      INAZUMA_ITTO: 6,
      INAZUMA_KOKOMI: 6,
      INAZUMA_KIRARA: 6,
      INAZUMA_KAZUHA: 6,
      INAZUMA_YAEMIKO: 6,
      INAZUMA_MIZUKI: 6,
      INAZUMA_RAIDEN: 6,
      INAZUMA_SHINOBU: 6,
      INAZUMA_SARA: 6,
      INAZUMA_SAYU: 6,
      INAZUMA_THOMA: 6,
      INAZUMA_YOIMIYA: 6,
      FONTAINE_ARLECCHINO: 6,
      FONTAINE_EMILIE: 6,
      FONTAINE_CHIORI: 6,
      FONTAINE_ESCOFFIER: 6,
      FONTAINE_CLORINDE: 6,
      FONTAINE_NAVIA: 6,
      FONTAINE_NEUVILLETTE: 6,
      FONTAINE_FREMINET: 6,
      FONTAINE_FURINA: 6,
      FONTAINE_WRIOTHESLEY: 6,
      FONTAINE_LYNEY: 6,
      FONTAINE_LYNETTE: 6,
      FONTAINE_CHEVREUSE: 6,
      FONTAINE_SIGEWINNE: 6,
      FONTAINE_CHARLOTTE: 6,
      NATLAN_CHASCA: 6,
      NATLAN_KACHINA: 6,
      NATLAN_KINICH: 6,
      NATLAN_MUALANI: 6,
      NATLAN_MAVUIKA: 6,
      NATLAN_ORORON: 6,
      NATLAN_SKIRK: 6,
      NATLAN_XILONEN: 6,
      NATLAN_CITLALI: 6,
      NATLAN_VARESA: 6,
      NATLAN_IFA: 6,
      NATLAN_IANSAN: 6,
      NODKRAI_COLUMBINA: 6,
      NODKRAI_DURIN: 6,
      NODKRAI_AINO: 6,
      NODKRAI_NICOLE: 6,
      NODKRAI_NEFER: 6,
      NODKRAI_FLINS: 6,
      NODKRAI_LINNEA: 6,
      NODKRAI_LAUMA: 6,
      NODKRAI_SANDRONE: 6,
      NODKRAI_VARKA: 6,
      NODKRAI_YAHODA: 6,
      NODKRAI_INEFA: 6,
      LIYUE_ZIBAI: 6,
      SNEZ_ODDETTE: 6,
      SNEZ_ALYOSHA: 6,
      NODKRAI_ILLUGA: 6,
      NODKRAI_LOHEN: 6,
      NODKRAI_PRUNE: 6,
      SNEZ_VESNA: 6,
      SNEZ_VODYANITSA: 6
    },
    growthVersion: 1,
    rosterVersion: 1,
    tutorialV2: {
      version: 2,
      style: 'SPOTLIGHT',
      enabled: true,
      done: { party: true, equip: true, facility: true }
    },
    tasks: {
      version: 1,
      revision: 172,
      day: 20737,
      week: 2962,
      daily: {},
      weekly: { equip: 12 },
      claimed: {},
      dailyProgress: {},
      dailyActiveSeq: {},
      dailyOpened: false,
      dailyIds: [],
      dailyDefinitions: {},
      lastDailyElements: [],
      weeklyProgress: {},
      weeklyActiveSeq: {},
      weeklyOpened: false,
      weeklyIds: [],
      weeklyDefinitions: {},
      weeklyExpansionVersion: 172
    },
    operatorModified: true,
    storyCompanions: { version: 1, steps: {}, joined: {} },
    talents: {
      PLAYER_CUSTOM: { na: 10, e: 10, q: 10 },
      MOND_DILUC: { na: 10, e: 10, q: 10 },
      MOND_NOELLE: { na: 10, e: 10, q: 10 },
      MOND_JEAN: { na: 10, e: 10, q: 10 }
    },
    placeVisit: {
      schema: 1,
      place: 'BOSS:BRT_LEY_REVELATION_MOND_PLAINS',
      kind: 'BOSS',
      mode: 'BOSS',
      map: 'MAP_MOND_PLAINS',
      entity: null,
      merchant: null,
      saveId: 'V011-32',
      route: 'ROUTE_ISEKAI',
      enteredDay: 1,
      enteredTime: '12:00',
      enteredAction: 'V011-32:19'
    },
    bossRouteProgress: {
      route: 'BRT_LEY_REVELATION_MOND_PLAINS',
      step: 1,
      phase: 'IN_BATTLE',
      entry: 'DIRECT',
      placeEntrySchema: 1,
      leyTier: 5,
      mutation: false
    },
    guestSnapshots: {}
  },
  expected: {
    schema: 2,
    global: {
      MODE: 'COMBAT',
      TURN: 21,
      WORLD_DAY: 1,
      WORLD_TIME: '12:00',
      LOCATION: '',
      WEATHER: '',
      IN_COMBAT: false,
      COMBAT_ROUND: 0,
      WEATHER_CHANGE_RATE: '',
      FOOD_IN_COMBAT: false,
      ACTIVE_QUEST_ID: '',
      MORA: 3000,
      SCENE_SUMMARY: '',
      RELATION_STATE: '',
      INVENTORY_SOURCE: '',
      ROSTER_SOURCE: '',
      FLAG_SOURCE: '',
      PLAYER_ENTITY_ID: 'PLAYER_CUSTOM',
      PLAYER_CONTROL_MODE: '',
      ALLY_CONTROL_MODE: '',
      COMBAT_AUTO_RESOLVE_TO_PLAYER: false,
      PLAYER_INPUT_REQUIRED: false,
      NARRATIVE_STYLE_SOURCE: '',
      DAMAGE_VARIANCE: '',
      PLAYER_KO_BEHAVIOR: '',
      CURRENT_MAP_ID: 'MAP_MOND_PLAINS',
      LOCATION_PROFILE: '',
      ENCOUNTER_COOLDOWN: 1,
      LAST_ENCOUNTER_GROUP_ID: '',
      LAST_ENCOUNTER_TRIGGER_ROLL: 0,
      LAST_ENCOUNTER_POOL_ROLL: 0,
      ENCOUNTER_PENDING: false,
      ACTIVE_BOSS_ROUTE_ID: 'BRT_LEY_REVELATION_MOND_PLAINS',
      BOSS_ROUTE_STEP: 1,
      BOSS_ENTRY_MODE: 'DIRECT',
      ENCOUNTER_SOURCE: '',
      CURRENT_ENCOUNTER_GROUP_ID: '',
      LAST_ENCOUNTER_LEVEL: 0,
      ACTIVE_ENCOUNTER_TYPE: '',
      PHLOGISTON_FIELD_ACTIVE: false,
      PHLOGISTON_TURN_LIMIT: 0,
      PHLOGISTON_EXTRA_ACTION: 0,
      MOONSIGN_LEVEL: 0,
      MOONSIGN_STATE: '',
      MOON_ARCHON_STAGE: '',
      LUNAR_REACTION_COEFF_MULT: 0,
      LUNAR_OMEN_BONUS_PCT: 0,
      DVALIN_TERRAIN_MAX: 0,
      DVALIN_TERRAIN_REMAIN: 0,
      DVALIN_TERRAIN_INTERVAL: 0,
      OSIAL_FORMATION_HP_MAX: 0,
      OSIAL_FORMATION_HP: 0,
      OSIAL_FORMATION_DEF: 0,
      OSIAL_FORMATION_CHARGE: 0,
      OSIAL_FORMATION_CHARGE_MAX: 0,
      OSIAL_FORMATION_READY: false,
      OSIAL_FORMATION_FIRED: false,
      OSIAL_WAVE_INDEX: 0,
      AZHDAHA_ELEMENT_1: '',
      AZHDAHA_ELEMENT_2: '',
      AZHDAHA_CURRENT_ELEMENT: '',
      AZHDAHA_PHASE: 0,
      AZHDAHA_ZHONGLI_LOCK: false,
      SIGNORA_PHASE: 0,
      SIGNORA_SHIELD_LAYERS_MAX: 0,
      SIGNORA_SHIELD_LAYERS: 0,
      SIGNORA_ENV_ELEMENT: '',
      MIKOTO_PHASE: 0,
      MIKOTO_ACTIONS_PER_TURN: 0,
      MIKOTO_TRANSFORMED: false,
      MIKOTO_FINAL_CALAMITY_RESOLVED: false,
      MIKOTO_ELECTRO_REQUIRED: false,
      SHOUKI_DENDRO_HITS: 0,
      SHOUKI_CORE_UNLOCKED: false,
      SHOUKI_ATK_BUFF_ACTIVE: false,
      SHOUKI_NAHIDA_EVA_ACTIVE: false,
      APEP_PHASE: 0,
      APEP_HEART_PROGRESS: 0,
      APEP_REGEN_BURST_USED: false,
      APEP_LAST_LIFE_USED: false,
      APEP_AFTERSHOCK_READY: false,
      APEP_AFTERSHOCK_USED: false,
      NARWHAL_PHASE: 0,
      NARWHAL_HOSTILITY: 0,
      NARWHAL_EYE_ACTIVE: false,
      NARWHAL_SHADOW_HP: 0,
      NARWHAL_WEAKENED: false,
      NARWHAL_PRIMORDIAL_ACTIVE: false,
      NARWHAL_ARKHE_REQUIRED: false,
      ARLE_PHASE: 0,
      ARLE_CRIMSON_MOON: false,
      ARLE_BLOODTIDE_CASTING: false,
      ARLE_END_THRESHOLD: 0,
      GOSO_PHASE: 0,
      GOSO_TERRAIN_REMAIN: 0,
      GOSO_TERRAIN_SEAL: 0,
      GOSO_MAVUIKA_SUPPORT: false,
      GOSO_MAVUIKA_GAUGE: 0,
      GOSO_MAVUIKA_BLESSING: 0,
      GOSO_VOID_WARD_ACTIVE: false,
      GOSO_STARSCOURGE_USED: false,
      RERIR_PHASE: 0,
      RERIR_COLUMBINA_ASCENDED: false,
      RERIR_MOON_GATE_CHARGE: 0,
      RERIR_SEALED: false,
      DOTTORE_FALSEMOON_PHASE: 0,
      DOTTORE_ACTIONS_PER_TURN: 0,
      DOTTORE_FIELD_PROFILE: '',
      DOTTORE_FALSE_SKY_TORN: false,
      DOTTORE_FROST_PULL_ACTIVE: false,
      DOTTORE_FROST_PULL_PROGRESS: 0,
      DOTTORE_FROST_PULL_ROUND: 0,
      DOTTORE_NICOLE_ANCHOR: false,
      DOTTORE_FROST_MOON_DESCENDED: false,
      DOTTORE_NICOLE_FIELD_LOCK: false,
      DOTTORE_PULL_VARKA_CONTRIB: false,
      DOTTORE_PULL_ARLE_CONTRIB: false,
      DOTTORE_ECLIPSE_ACTIVE: false,
      DOTTORE_ECLIPSE_ROUND: 0,
      DOTTORE_ETERNAL_SHADOW_ALIVE: false,
      DOTTORE_FROST_SHADOW_ALIVE: false,
      DOTTORE_IRIDESCENT_SHADOW_ALIVE: false,
      DOTTORE_CORE_ETERNAL_RECLAIMED: false,
      DOTTORE_CORE_FROST_RECLAIMED: false,
      DOTTORE_CORE_IRIDESCENT_RECLAIMED: false,
      DOTTORE_MOONLESS_ACTIVE: false,
      DOTTORE_MOONLESS_ROUND: 0,
      DOTTORE_FALSEMOON_CLEARED: false,
      DOTTORE_HERETIC_TERMINAL_EQUIPPED: false,
      DOTTORE_HERETIC_ROUTE_READY: false,
      CAMPAIGN_GAME_OVER: false,
      GAME_OVER_REASON: '',
      DOTTORE_SOUL_FUSION_EVENT: false,
      DOTTORE_PERFECT_ANALYSIS_ACTIVE: false,
      WORLD_TREE_ENTRY_ALLOWED: '',
      WORLD_TREE_WANDERER_EXCEPTION: false,
      PYRO_GNOSIS_ACQUIRED: false,
      DOTTORE_ARCHON_AUDIENCE_COUNT: 0,
      DOTTORE_FOUR_ARCHONS_AUDIENCE_COMPLETE: false,
      DOTTORE_HERETIC_PHASE: 0,
      DOTTORE_ARCHIVE_ACTIVE: false,
      DOTTORE_ARCHIVE_DEFENSE_SOURCE: '',
      DOTTORE_ARCHIVE_ACTION_SOURCES: '',
      TACTICAL_SLOT_MAX: 0,
      TACTICAL_SLOT_1: '',
      TACTICAL_SLOT_2: '',
      TACTICAL_SLOT_3: '',
      TACTICAL_ELEMENT_STANDBY: '',
      TACTICAL_SLOT_1_CHARGES: 0,
      TACTICAL_SLOT_2_CHARGES: 0,
      TACTICAL_SLOT_3_CHARGES: 0,
      PLAYER_CARD_CREATED: true,
      PLAYER_CARD_ID: 'PLAYER_CUSTOM',
      PLAYER_CARD_VERSION: 2,
      PLAYER_NAME: '클라나드',
      PLAYER_LEVEL_STATE: 60,
      PLAYER_XP_STATE: 0,
      PLAYER_XP_NEXT: 0,
      PLAYER_HP_CURRENT: 20157,
      PLAYER_HP_MAX: 20157,
      PLAYER_BASE_HP: 560,
      PLAYER_BASE_ATK: 62,
      PLAYER_BASE_DEF: 30,
      PLAYER_BASE_SPD: 63,
      PLAYER_ATK_CURRENT: 2735,
      PLAYER_DEF_CURRENT: 1492,
      PLAYER_SPD_CURRENT: 72,
      PLAYER_CRIT_CURRENT: 5,
      PLAYER_CRIT_DMG_CURRENT: 50,
      PLAYER_HIT_CURRENT: 80,
      PLAYER_EVA_CURRENT: 5,
      PLAYER_STATUS_RESIST_CURRENT: 5,
      PLAYER_RANGE_CURRENT: '근접',
      PLAYER_ELEMENT_TAGS: '',
      PLAYER_POWER_TAGS: '',
      PLAYER_AFFILIATION: '',
      PLAYER_RANK: '',
      PLAYER_TITLES: '',
      PLAYER_PERSISTENT_STATUS: '',
      PLAYER_EQUIP_WEAPON: '',
      PLAYER_EQUIP_ARMOR: '',
      PLAYER_EQUIP_ACCESSORY: '',
      PLAYER_EQUIP_SPECIAL: '',
      PLAYER_SKILL_CARD_IDS: 'PLAYER_BASIC_ATTACK;PLAYER_BASIC_GUARD;PLAYER_ISEKAI_E;PLAYER_ISEKAI_Q',
      PLAYER_PASSIVE_CARD_IDS: '',
      PLAYER_SPECIAL_ABILITIES: '',
      PLAYER_IMAGE_REF: '',
      PLAYER_CARD_EXTRA: '',
      PLAYER_CARD_LAST_UPDATE_TURN: 0,
      STORY_MEMORY_ENABLED: false,
      STORY_LONG_TERM_MEMORY: '',
      STORY_RECENT_MEMORY: '',
      STORY_MEMORY_LAST_UPDATE_TURN: 0,
      STORY_MEMORY_VERSION: 0,
      STORY_ARC_ID: '',
      STORY_ARC_TITLE: '',
      STORY_ARC_PHASE: '',
      STORY_ARC_SUMMARY: '',
      STORY_ACTIVE_CONFLICT: '',
      STORY_CONFLICT_SEED: '',
      STORY_UNRESOLVED_THREADS: '',
      STORY_TENSION_LEVEL: 0,
      STORY_BREATHER_SCENES_REMAIN: 0,
      STORY_LAST_RESOLUTION_TURN: 0,
      STORY_LAST_MAJOR_CRISIS_TURN: 0,
      LAST_RECOVERY_MEAL_ITEM_ID: '',
      RESOURCE_ROUTE_REFRESH_PROGRESS: 0,
      ACTIVE_LEYLINE_ROUTE_ID: '',
      ACTIVE_LEYLINE_MAP_ID: '',
      LAST_LEYLINE_CLEAR_TURN: 0,
      RESOURCE_ROUTE_LAST_PROGRESS_SOURCE: '',
      LIFE_RESOURCE_STATE_DAY: 0,
      LIFE_RESOURCE_USAGE_STATE: '',
      SHOP_STOCK_USAGE_STATE: '{}',
      LAST_LIFE_ACTION_RESULT: '',
      PARTY_SOURCE: '',
      MAP_EDGE_SOURCE: '',
      LAST_MAP_EDGE_ID: '',
      LAST_MOVE_TIME_COST_MIN: 0,
      COMBAT_VAR_SOURCE: '',
      EVENT_SOURCE: '',
      STORY_CURSOR_NODE_ID: 'END',
      SCREEN_MODE: 'COMBAT',
      SAVE_ID: 'V011-32',
      SAVE_SCHEMA_VERSION: 2,
      SAVE_INITIALIZED: true,
      SAVE_REVISION: 20,
      STORY_ROUTE_ID: 'ROUTE_ISEKAI',
      CURRENT_STORY_NODE_ID: 'END',
      PENDING_CHOICE_GROUP_ID: '',
      PENDING_INPUT_JSON: '{}',
      PLAYER_NARRATIVE_ENTITY_ID: 'PLAYER_ISEKAI',
      PLAYER_RELATION_ENTITY_ID: 'CRPG_PLAYER',
      LAST_COMMITTED_ACTION_SEQ: 20,
      LAST_COMMITTED_ACTION_ID: 'V011-32:20',
      LAST_ACTION_RECEIPT_JSON: '{"ok":true,"type":"BOSS_ROUTE","result":{"battle":"V011-32:B20","group":"EG_LEY_MOND_PLAINS","opening":true,"phase":"COMBAT_OPENING","order":[{"index":0,"id":"PLAYER_CUSTOM","source":"PLAYER_CUSTOM","name":"클라나드","side":"ALLY","control":"PLAYER","score":80,"first":false,"alive":true,"hp":20157,"maxHp":20157,"current":false,"acted":false},{"index":1,"id":"MON_HILI_SHOOTER#1","source":"MON_HILI_SHOOTER","name":"츄츄 궁수","side":"ENEMY","control":"AI","score":87,"first":false,"alive":true,"hp":23800,"maxHp":23800,"current":false,"acted":false},{"index":2,"id":"MON_HILI_FIGHTER#1","source":"MON_HILI_FIGHTER","name":"츄츄 싸움꾼","side":"ENEMY","control":"AI","score":81,"first":false,"alive":true,"hp":23800,"maxHp":23800,"current":false,"acted":false},{"index":3,"id":"MOND_DILUC","source":"MOND_DILUC","name":"다이루크","side":"ALLY","control":"AI","score":79,"first":false,"alive":true,"hp":34565,"maxHp":34565,"current":false,"acted":false},{"index":4,"id":"MON_MITACHURL_WOOD#1","source":"MON_MITACHURL_WOOD","name":"나무 방패 츄츄 폭도","side":"ENEMY","control":"AI","score":70,"first":false,"alive":true,"hp":69259,"maxHp":69259,"current":false,"acted":false},{"index":5,"id":"MOND_JEAN","source":"MOND_JEAN","name":"진","side":"ALLY","control":"AI","score":70,"first":false,"alive":true,"hp":34565,"maxHp":34565,"current":false,"acted":false},{"index":6,"id":"MOND_NOELLE","source":"MOND_NOELLE","name":"노엘","side":"ALLY","control":"AI","score":70,"first":false,"alive":true,"hp":27275,"maxHp":28639,"current":false,"acted":false}]},"revision":20}',
      STORY_NODE_EFFECTS_JSON: '{"ROUTE_ISEKAI:ISK_M01_E001":true}',
      EVENT_PROGRESS_JSON: '{}',
      NPC_VISITS_JSON: '{}',
      COMPANION_ELIGIBILITY_JSON: '{"MOND_DILUC":{"state":"JOINED","event":"END"},"MOND_NOELLE":{"state":"JOINED","event":"END"},"MOND_JEAN":{"state":"JOINED","event":"END"}}',
      WORLD_VISIT_COUNTS_JSON: '{}',
      WORLD_STATE_JSON: '{}',
      PRNG_STATE: 2179921691,
      ACTIVE_BATTLE_ID: 'V011-32:B20',
      COMBAT_ACTION_PHASE: 'OPENING',
      RESUME_POLICY: '',
      LAST_BATTLE_RESULT_JSON: '{}',
      PLAYER_EQUIP_SLOT_IDS_JSON: '{"WEAPON":"EQI_000006","ARMOR":"EQI_000007","ACCESSORY":"EQI_000008"}',
      NEXT_INVENTORY_INSTANCE_SEQ: 18,
      UNLOCKED_INFORMATION_JSON: '{}',
      RETURN_STORY_CONTEXT_JSON: '{}',
      WEAPON_PROFICIENCIES_JSON: '["한손검"]',
      LAST_SAFE_MAP_ID: 'MAP_MOND_CITY',
      STORY_WAITING: true,
      PROTAGONIST_RULES_VERSION: 1,
      PROTAGONIST_ISEKAI_V2: 1,
      ACQUAINT_FATE: 20,
      STORY_MENU_POLICY: ''
    },
    chars: {
      MOND_ALBEDO: { level: 60, xp: 0, hp: 28531, statuses: [] },
      MOND_BARBARA: { level: 60, xp: 0, hp: 19916, statuses: [] },
      MOND_BENNETT: { level: 60, xp: 0, hp: 22060, statuses: [] },
      MOND_VENTI: { level: 60, xp: 0, hp: 27692, statuses: [] },
      MOND_DIONA: { level: 60, xp: 0, hp: 19608, statuses: [] },
      MOND_DAHLIA: { level: 60, xp: 0, hp: 20527, statuses: [] },
      MOND_DILUC: { level: 60, xp: 0, hp: 34565, statuses: [] },
      MOND_AMBER: { level: 60, xp: 0, hp: 19916, statuses: [] },
      MOND_JEAN: { level: 60, xp: 0, hp: 34565, statuses: [] },
      MOND_KAEYA: { level: 60, xp: 0, hp: 21446, statuses: [] },
      MOND_KLEE: { level: 60, xp: 0, hp: 25593, statuses: [] },
      MOND_MIKA: { level: 60, xp: 0, hp: 20221, statuses: [] },
      MOND_MONA: { level: 60, xp: 0, hp: 26013, statuses: [] },
      MOND_NOELLE: { level: 60, xp: 0, hp: 27275, statuses: [] },
      MOND_FISCHL: { level: 60, xp: 0, hp: 19302, statuses: [] },
      MOND_LISA: { level: 60, xp: 0, hp: 19608, statuses: [] },
      MOND_RAZOR: { level: 60, xp: 0, hp: 22673, statuses: [] },
      MOND_ROSARIA: { level: 60, xp: 0, hp: 21141, statuses: [] },
      MOND_SUCROSE: { level: 60, xp: 0, hp: 18691, statuses: [] },
      MOND_EULA: { level: 60, xp: 0, hp: 31886, statuses: [] },
      LIYUE_BAIZHU: { level: 60, xp: 0, hp: 29370, statuses: [] },
      LIYUE_BEIDOU: { level: 60, xp: 0, hp: 24204, statuses: [] },
      LIYUE_QIQI: { level: 60, xp: 0, hp: 31886, statuses: [] },
      LIYUE_NINGGUANG: { level: 60, xp: 0, hp: 19916, statuses: [] },
      LIYUE_KEQING: { level: 60, xp: 0, hp: 28951, statuses: [] },
      LIYUE_GAMING: { level: 60, xp: 0, hp: 22060, statuses: [] },
      LIYUE_GANYU: { level: 60, xp: 0, hp: 37073, statuses: [] },
      LIYUE_XINGQIU: { level: 60, xp: 0, hp: 20835, statuses: [] },
      LIYUE_HUTAO: { level: 60, xp: 0, hp: 30210, statuses: [] },
      LIYUE_XIANGLING: { level: 60, xp: 0, hp: 20221, statuses: [] },
      LIYUE_XIANYUN: { level: 60, xp: 0, hp: 39286, statuses: [] },
      LIYUE_LANYAN: { level: 60, xp: 0, hp: 20835, statuses: [] },
      LIYUE_XIAO: { level: 60, xp: 0, hp: 40355, statuses: [] },
      LIYUE_SHENHE: { level: 60, xp: 0, hp: 31466, statuses: [] },
      LIYUE_XINYAN: { level: 60, xp: 0, hp: 22979, statuses: [] },
      LIYUE_TARTAGLIA: { level: 60, xp: 0, hp: 32725, statuses: [] },
      LIYUE_YANFEI: { level: 60, xp: 0, hp: 25094, statuses: [] },
      LIYUE_YELAN: { level: 60, xp: 0, hp: 29370, statuses: [] },
      LIYUE_YUNJIN: { level: 60, xp: 0, hp: 21141, statuses: [] },
      LIYUE_YAOYAO: { level: 60, xp: 0, hp: 19916, statuses: [] },
      LIYUE_ZHONGLI: { level: 60, xp: 0, hp: 49088, statuses: [] },
      LIYUE_CHONGYUN: { level: 60, xp: 0, hp: 21754, statuses: [] },
      SUMERU_ALHAITHAM: { level: 60, xp: 0, hp: 22060, statuses: [] },
      SUMERU_DEHYA: { level: 60, xp: 0, hp: 25123, statuses: [] },
      SUMERU_DORI: { level: 60, xp: 0, hp: 19916, statuses: [] },
      SUMERU_KAVEH: { level: 60, xp: 0, hp: 21446, statuses: [] },
      SUMERU_CANDACE: { level: 60, xp: 0, hp: 24512, statuses: [] },
      SUMERU_COLLEI: { level: 60, xp: 0, hp: 19608, statuses: [] },
      SUMERU_NAHIDA: { level: 60, xp: 0, hp: 19916, statuses: [] },
      SUMERU_NILOU: { level: 60, xp: 0, hp: 22366, statuses: [] },
      SUMERU_FARUZAN: { level: 60, xp: 0, hp: 19608, statuses: [] },
      SUMERU_LAYLA: { level: 60, xp: 0, hp: 22060, statuses: [] },
      SUMERU_CYNO: { level: 60, xp: 0, hp: 22673, statuses: [] },
      SUMERU_WANDERER: { level: 60, xp: 0, hp: 21141, statuses: [] },
      SUMERU_SETHOS: { level: 60, xp: 0, hp: 19916, statuses: [] },
      SUMERU_TIGHNARI: { level: 60, xp: 0, hp: 20221, statuses: [] },
      INAZUMA_AYAKA: { level: 60, xp: 0, hp: 21141, statuses: [] },
      INAZUMA_AYATO: { level: 60, xp: 0, hp: 22060, statuses: [] },
      INAZUMA_GOROU: { level: 60, xp: 0, hp: 20835, statuses: [] },
      INAZUMA_HEIZOU: { level: 60, xp: 0, hp: 20835, statuses: [] },
      INAZUMA_ITTO: { level: 60, xp: 0, hp: 25737, statuses: [] },
      INAZUMA_KOKOMI: { level: 60, xp: 0, hp: 22673, statuses: [] },
      INAZUMA_KIRARA: { level: 60, xp: 0, hp: 21446, statuses: [] },
      INAZUMA_KAZUHA: { level: 60, xp: 0, hp: 21446, statuses: [] },
      INAZUMA_YAEMIKO: { level: 60, xp: 0, hp: 20527, statuses: [] },
      INAZUMA_MIZUKI: { level: 60, xp: 0, hp: 20527, statuses: [] },
      INAZUMA_RAIDEN: { level: 60, xp: 0, hp: 25123, statuses: [] },
      INAZUMA_SHINOBU: { level: 60, xp: 0, hp: 21446, statuses: [] },
      INAZUMA_SARA: { level: 60, xp: 0, hp: 21141, statuses: [] },
      INAZUMA_SAYU: { level: 60, xp: 0, hp: 19916, statuses: [] },
      INAZUMA_THOMA: { level: 60, xp: 0, hp: 23285, statuses: [] },
      INAZUMA_YOIMIYA: { level: 60, xp: 0, hp: 19916, statuses: [] },
      FONTAINE_ARLECCHINO: { level: 60, xp: 0, hp: 24512, statuses: [] },
      FONTAINE_EMILIE: { level: 60, xp: 0, hp: 20221, statuses: [] },
      FONTAINE_CHIORI: { level: 60, xp: 0, hp: 20835, statuses: [] },
      FONTAINE_ESCOFFIER: { level: 60, xp: 0, hp: 21141, statuses: [] },
      FONTAINE_CLORINDE: { level: 60, xp: 0, hp: 22060, statuses: [] },
      FONTAINE_NAVIA: { level: 60, xp: 0, hp: 22673, statuses: [] },
      FONTAINE_NEUVILLETTE: { level: 60, xp: 0, hp: 26350, statuses: [] },
      FONTAINE_FREMINET: { level: 60, xp: 0, hp: 22060, statuses: [] },
      FONTAINE_FURINA: { level: 60, xp: 0, hp: 21446, statuses: [] },
      FONTAINE_WRIOTHESLEY: { level: 60, xp: 0, hp: 23898, statuses: [] },
      FONTAINE_LYNEY: { level: 60, xp: 0, hp: 19608, statuses: [] },
      FONTAINE_LYNETTE: { level: 60, xp: 0, hp: 20221, statuses: [] },
      FONTAINE_CHEVREUSE: { level: 60, xp: 0, hp: 21446, statuses: [] },
      FONTAINE_SIGEWINNE: { level: 60, xp: 0, hp: 21446, statuses: [] },
      FONTAINE_CHARLOTTE: { level: 60, xp: 0, hp: 19608, statuses: [] },
      NATLAN_CHASCA: { level: 60, xp: 0, hp: 21754, statuses: [] },
      NATLAN_KACHINA: { level: 60, xp: 0, hp: 21141, statuses: [] },
      NATLAN_KINICH: { level: 60, xp: 0, hp: 21446, statuses: [] },
      NATLAN_MUALANI: { level: 60, xp: 0, hp: 22060, statuses: [] },
      NATLAN_MAVUIKA: { level: 60, xp: 0, hp: 25737, statuses: [] },
      NATLAN_ORORON: { level: 60, xp: 0, hp: 20835, statuses: [] },
      NATLAN_SKIRK: { level: 60, xp: 0, hp: 30025, statuses: [] },
      NATLAN_XILONEN: { level: 60, xp: 0, hp: 23285, statuses: [] },
      NATLAN_CITLALI: { level: 60, xp: 0, hp: 21446, statuses: [] },
      NATLAN_VARESA: { level: 60, xp: 0, hp: 24512, statuses: [] },
      NATLAN_IFA: { level: 60, xp: 0, hp: 20835, statuses: [] },
      NATLAN_IANSAN: { level: 60, xp: 0, hp: 21446, statuses: [] },
      NODKRAI_COLUMBINA: { level: 60, xp: 0, hp: 23898, statuses: [] },
      NODKRAI_DURIN: { level: 60, xp: 0, hp: 26043, statuses: [] },
      NODKRAI_AINO: { level: 60, xp: 0, hp: 18996, statuses: [] },
      NODKRAI_NICOLE: { level: 60, xp: 0, hp: 27575, statuses: [] },
      NODKRAI_NEFER: { level: 60, xp: 0, hp: 21141, statuses: [] },
      NODKRAI_FLINS: { level: 60, xp: 0, hp: 22673, statuses: [] },
      NODKRAI_LINNEA: { level: 60, xp: 0, hp: 19608, statuses: [] },
      NODKRAI_LAUMA: { level: 60, xp: 0, hp: 22060, statuses: [] },
      NODKRAI_SANDRONE: { level: 60, xp: 0, hp: 22366, statuses: [] },
      NODKRAI_VARKA: { level: 60, xp: 0, hp: 25737, statuses: [] },
      NODKRAI_YAHODA: { level: 60, xp: 0, hp: 19916, statuses: [] },
      NODKRAI_INEFA: { level: 60, xp: 0, hp: 22366, statuses: [] },
      LIYUE_ZIBAI: { level: 60, xp: 0, hp: 31886, statuses: [] },
      SNEZ_ODDETTE: { level: 60, xp: 0, hp: 23285, statuses: [] },
      SNEZ_ALYOSHA: { level: 60, xp: 0, hp: 21446, statuses: [] },
      NODKRAI_ILLUGA: { level: 60, xp: 0, hp: 22366, statuses: [] },
      NODKRAI_LOHEN: { level: 60, xp: 0, hp: 24512, statuses: [] },
      NODKRAI_PRUNE: { level: 60, xp: 0, hp: 19916, statuses: [] },
      SNEZ_VESNA: { level: 60, xp: 0, hp: 23285, statuses: [] },
      SNEZ_VODYANITSA: { level: 60, xp: 0, hp: 25123, statuses: [] }
    },
    flags: {
      FLAG_SAMPLE: false,
      FLAG_BOSS_DVALIN_CLEAR: null,
      FLAG_BOSS_ANDRIUS_CLEAR: null,
      FLAG_BOSS_AZHDAHA_CLEAR: null,
      FLAG_BOSS_OSIAL_CLEAR: null,
      FLAG_BOSS_MIKOTO_CLEAR: null,
      FLAG_BOSS_SIGNORA_CLEAR: null,
      FLAG_BOSS_SHOUKI_CLEAR: null,
      FLAG_BOSS_APEP_CLEAR: null,
      FLAG_BOSS_GOSOYTHOTH_CLEAR: null,
      FLAG_BOSS_DOTTORE_FALSE_MOON_CLEAR: null,
      FLAG_BOSS_DOTTORE_HERETIC_SAINT_CLEAR: null,
      FLAG_MOND_FAVONIUS_SUPPLY_USED: null,
      FLAG_BOSS_NARWHAL_CLEAR: null,
      FLAG_BOSS_ARLECCHINO_CLEAR: null,
      FLAG_BOSS_RERIR_CLEAR: null,
      FLAG_MOND_XP_SUPPLY_USED: null,
      FLAG_MOND_EXP_PLAINS_CART_CLEAR: null,
      FLAG_MOND_EXP_PLAINS_CAMP_CLEAR: null,
      FLAG_MOND_EXP_FOREST_CACHE_CLEAR: null,
      FLAG_MOND_EXP_DRAGONSPINE_CACHE_CLEAR: null,
      FLAG_MOND_EXP_STORMTERROR_CACHE_CLEAR: null,
      FLAG_LIYUE_XP_SUPPLY_USED: null,
      FLAG_LIYUE_EXP_PLAINS_CARAVAN_CLEAR: null,
      FLAG_LIYUE_EXP_MOUNTAIN_CACHE_CLEAR: null,
      FLAG_LIYUE_EXP_CHASM_SURFACE_DEPOT_CLEAR: null,
      FLAG_LIYUE_EXP_CHASM_DEEP_CACHE_CLEAR: null,
      FLAG_INAZUMA_XP_SUPPLY_USED: null,
      FLAG_INAZUMA_EXP_NARUKAMI_CAMP_CLEAR: null,
      FLAG_INAZUMA_EXP_YASHIORI_WRECK_CLEAR: null,
      FLAG_INAZUMA_EXP_SEIRAI_CACHE_CLEAR: null,
      FLAG_SUMERU_XP_SUPPLY_USED: null,
      FLAG_SUMERU_EXP_RAINFOREST_CAMP_CLEAR: null,
      FLAG_SUMERU_EXP_DESERT_CARAVAN_CLEAR: null,
      FLAG_SUMERU_EXP_RUINS_STORE_CLEAR: null,
      FLAG_FONTAINE_XP_SUPPLY_USED: null,
      FLAG_FONTAINE_EXP_WILD_MAINT_CLEAR: null,
      FLAG_FONTAINE_EXP_WATER_CARGO_CLEAR: null,
      FLAG_FONTAINE_EXP_RUINS_ARCHIVE_CLEAR: null,
      FLAG_NATLAN_XP_SUPPLY_USED: null,
      FLAG_NATLAN_EXP_WILD_ROUTE_CLEAR: null,
      FLAG_NATLAN_EXP_VOLCANIC_CACHE_CLEAR: null,
      FLAG_NODKRAI_XP_SUPPLY_USED: null,
      FLAG_NODKRAI_EXP_HISHI_STORE_CLEAR: null,
      FLAG_NODKRAI_EXP_MIST_SURVEY_CLEAR: null,
      FLAG_NODKRAI_EXP_VOIDCOAST_WRECK_CLEAR: null,
      FLAG_NODKRAI_EXP_PAINCLIFF_CACHE_CLEAR: null,
      FLAG_SNEZ_XP_SUPPLY_USED: null,
      FLAG_SNEZ_EXP_SNOW_DEPOT_CLEAR: null,
      FLAG_SNEZ_EXP_FRONTIER_CACHE_CLEAR: null,
      FLAG_SNEZ_EXP_INDUSTRIAL_STORE_CLEAR: null,
      FLAG_BOSS_SNEZ_IMMORTAL_CLEAR: null,
      FLAG_BOSS_SNEZ_WINGED_LION_CLEAR: null,
      FLAG_SNEZ_ARCHON_7_1_CLEAR: false,
      FLAG_SNEZ_ARCHON_7_2_CLEAR: false,
      FLAG_SNEZ_ARCHON_7_3_CLEAR: false,
      FLAG_SNEZ_ARCHON_7_4_CLEAR: false,
      FLAG_SNEZ_WIND_FAIRY_SWORD_CLEAR: false,
      FLAG_SNEZ_TIDE_VARIATION_CLEAR: false,
      FLAG_SNEZ_WORLD_HESPERIDES_CLEAR: false,
      FLAG_SNEZ_WORLD_LIFE_HABITAT_CLEAR: false,
      FLAG_SNEZ_WORLD_PALACE_TOMB_CLEAR: false,
      FLAG_SNEZ_WORLD_FALLING_PALACE_CLEAR: false,
      FLAG_SNEZ_WORLD_VILE_STREET_CLEAR: false,
      FLAG_SNEZ_WORLD_SONG_FOR_HER_CLEAR: false,
      FLAG_SNEZ_WORLD_SILENT_SINKING_CLEAR: false,
      FLAG_SNEZ_WORLD_FROST_FAIRY_TROUBLE_CLEAR: false,
      FLAG_SNEZ_WORLD_SNOWFIELD_LUMBER_CLEAR: false,
      FLAG_SNEZ_WORLD_MISSING_SCULPTOR_CLEAR: false,
      FLAG_TRV_AVATAR: 'UNSET',
      FLAG_TRV_FOREST_APPROACH: 'UNSET',
      FLAG_TRV_DRAGON_RESPONSE: 'UNSET',
      FLAG_TRV_CRYSTAL_STATE: 'UNSET',
      FLAG_TRV_AMBER_DISCLOSURE: 'UNSET',
      FLAG_TRV_AMBER_ESCORT: 'UNSET',
      FLAG_TRV_CITY_PRIORITY: 'UNSET',
      FLAG_TRV_KAEYA_TONE: 'UNSET',
      FLAG_TRV_JEAN_EVIDENCE: 'UNSET',
      FLAG_TRV_SIBLING_QUERY: 'UNSET',
      FLAG_TRV_LIBRARY_CHOICE: 'UNSET',
      FLAG_TRV_MON_PROLOGUE_CLEAR: false,
      FLAG_ISK_ARRIVAL_MEMORY: 'BLANK',
      FLAG_ISK_FIRST_COMPOSURE: 'UNSET',
      FLAG_ISK_MONSTER_REACTION: 'UNSET',
      FLAG_ISK_AMBER_FIRST_TONE: 'UNSET',
      FLAG_ISK_ORIGIN_DISCLOSURE: 'UNSET',
      FLAG_ISK_META_KNOWLEDGE: 'UNSET',
      FLAG_ISK_KNOWLEDGE_DISCLOSURE: 'UNSET',
      FLAG_ISK_ORIENTATION_PRIORITY: 'UNSET',
      FLAG_ISK_FIRST_GOAL: 'UNSET',
      FLAG_ISK_CITY_IMPRESSION: 'UNSET',
      FLAG_ISK_DVALIN_REACTION: 'UNSET',
      FLAG_ISK_CITY_ACTION: 'UNSET',
      FLAG_ISK_WORLD_ASSUMPTION: 'UNSET',
      FLAG_ISK_DVALIN_EVENT_SEEN: false,
      FLAG_ISK_MON_PROLOGUE_CLEAR: false,
      FLAG_TRV_WIND_GLIDER_GRANTED: false,
      FLAG_TRV_CITY_ATTACK_REPELLED: false,
      FLAG_TRV_VENTI_HIDDEN_AID: false,
      FLAG_TRV_KNIGHTS_TEAR_SECURED: false,
      FLAG_TRV_KNIGHTS_TEAR_PURIFIED: false,
      FLAG_TRV_THREE_TEMPLES_ASSIGNED: false,
      FLAG_TRV_HONORARY_KNIGHT_GRANTED: false,
      FLAG_TRV_MON_CH2_CLEAR: false,
      FLAG_TRV_FALCON_BATTLE_WON: false,
      FLAG_TRV_FALCON_TEMPLE_CLEARED: false,
      FLAG_TRV_WOLF_BATTLE_WON: false,
      FLAG_TRV_WOLF_TEMPLE_CLEARED: false,
      FLAG_TRV_LION_BATTLE_WON: false,
      FLAG_TRV_LION_TEMPLE_CLEARED: false,
      FLAG_TRV_THREE_TEMPLES_CLEARED: false,
      FLAG_TRV_VENTI_TEAR_ACQUIRED: false,
      FLAG_TRV_VENTI_TEAR_PURIFIED: false,
      FLAG_TRV_MAIN_MENU_UNLOCKED: false,
      FLAG_TRV_CARD_TRAVELER: false,
      FLAG_TRV_CARD_AMBER: false,
      FLAG_TRV_CARD_KAEYA: false,
      FLAG_TRV_CARD_LISA: false,
      FLAG_TRV_CARD_DILUC: false,
      FLAG_TRV_FATUI_CACHE_WON: false,
      FLAG_TRV_HOLY_LYRE_RECOVERED: false,
      FLAG_TRV_FALLEN_TEAR_BATTLE_WON: false,
      FLAG_TRV_FALLEN_TEAR_ACQUIRED: false,
      FLAG_TRV_FALLEN_TEAR_PURIFIED: false,
      FLAG_TRV_HIDDEN_TEAR_BATTLE_WON: false,
      FLAG_TRV_HIDDEN_TEAR_ACQUIRED: false,
      FLAG_TRV_HIDDEN_TEAR_PURIFIED: false,
      FLAG_TRV_STOLEN_TEAR_BATTLE_WON: false,
      FLAG_TRV_STOLEN_TEAR_ACQUIRED: false,
      FLAG_TRV_STOLEN_TEAR_PURIFIED: false,
      FLAG_TRV_HOLY_LYRE_RESTORED: false,
      FLAG_TRV_HOLY_LYRE_BROKEN: false,
      FLAG_TRV_VENTI_IDENTITY_REVEALED: false,
      FLAG_TRV_FIRST_DRAGON_REUNION_FAILED: false,
      FLAG_ISK_NAME_SET: false,
      FLAG_ISK_ADVENTURER_REGISTERED: false,
      FLAG_ISK_AID_RECEIVED: false,
      FLAG_ISK_STARTER_KIT_BOUGHT: false,
      FLAG_ISK_RECRUIT_AMBER: false,
      FLAG_ISK_JOIN_TONE: 'UNSET',
      FLAG_ISK_AFTER_TONE: 'UNSET',
      FLAG_ISK_KIT_TONE: 'UNSET',
      FLAG_ISK_MAIN_UNLOCKED: false,
      FLAG_TRV_DRAGON_PRIORITY: 'UNSET',
      FLAG_TRV_ACT3_ABYSS_WON: false,
      FLAG_TRV_LAIR_GATE_WON: false,
      FLAG_TRV_LAIR_OUTER_BARRIER_OPEN: false,
      FLAG_TRV_LAIR_CENTER_LIGHT: false,
      FLAG_TRV_LAIR_NORTH_LIGHT: false,
      FLAG_TRV_LAIR_WEST_WON: false,
      FLAG_TRV_LAIR_WEST_LIGHT: false,
      FLAG_TRV_LAIR_EAST_LIGHT: false,
      FLAG_TRV_LAIR_INNER_SEAL_OPEN: false,
      FLAG_TRV_DVALIN_PURIFIED: false,
      FLAG_TRV_DRAGON_FREEDOM_TONE: 'UNSET',
      FLAG_TRV_GNOSIS_TAKEN: false,
      FLAG_TRV_NEXT_JOURNEY_TONE: 'UNSET',
      FLAG_TRV_MOND_RELEASED: false,
      FLAG_ACCESS_REGION_MOND: true,
      FLAG_ACCESS_REGION_LIYUE: false,
      FLAG_ACCESS_REGION_INAZUMA: false,
      FLAG_ACCESS_REGION_SUMERU: false,
      FLAG_ACCESS_REGION_FONTAINE: false,
      FLAG_ACCESS_REGION_NATLAN: false,
      FLAG_ACCESS_REGION_NODKRAI: false,
      FLAG_ACCESS_REGION_SNEZ: false,
      FLAG_ISK_GUILD_TONE: 'UNSET',
      FLAG_ISK_HQ_FIRST_TONE: 'UNSET',
      FLAG_LEG_MOND_ALBEDO_CLEAR: false,
      FLAG_TRV_CARD_ALBEDO: false,
      FLAG_LEG_MOND_BARBARA_CLEAR: false,
      FLAG_TRV_CARD_BARBARA: false,
      FLAG_LEG_MOND_BENNETT_CLEAR: false,
      FLAG_TRV_CARD_BENNETT: false,
      FLAG_LEG_MOND_VENTI_CLEAR: false,
      FLAG_LEG_MOND_DIONA_CLEAR: false,
      FLAG_TRV_CARD_DIONA: false,
      FLAG_LEG_MOND_DAHLIA_CLEAR: false,
      FLAG_TRV_CARD_DAHLIA: false,
      FLAG_LEG_MOND_DILUC_CLEAR: false,
      FLAG_LEG_MOND_AMBER_CLEAR: false,
      FLAG_LEG_MOND_JEAN_CLEAR: false,
      FLAG_TRV_CARD_JEAN: false,
      FLAG_LEG_MOND_KAEYA_CLEAR: false,
      FLAG_LEG_MOND_KLEE_CLEAR: false,
      FLAG_TRV_CARD_KLEE: false,
      FLAG_LEG_MOND_MIKA_CLEAR: false,
      FLAG_TRV_CARD_MIKA: false,
      FLAG_LEG_MOND_MONA_CLEAR: false,
      FLAG_TRV_CARD_MONA: false,
      FLAG_LEG_MOND_NOELLE_CLEAR: false,
      FLAG_TRV_CARD_NOELLE: false,
      FLAG_LEG_MOND_FISCHL_CLEAR: false,
      FLAG_TRV_CARD_FISCHL: false,
      FLAG_LEG_MOND_LISA_CLEAR: false,
      FLAG_LEG_MOND_RAZOR_CLEAR: false,
      FLAG_TRV_CARD_RAZOR: false,
      FLAG_LEG_MOND_ROSARIA_CLEAR: false,
      FLAG_TRV_CARD_ROSARIA: false,
      FLAG_LEG_MOND_SUCROSE_CLEAR: false,
      FLAG_TRV_CARD_SUCROSE: false,
      FLAG_LEG_MOND_EULA_CLEAR: false,
      FLAG_TRV_CARD_EULA: false,
      FLAG_MOND_MIKA_RETURNED: false,
      FLAG_MOND_MONA_PRESENT: false,
      FLAG_ISK_CH2_START_TONE: 'UNSET',
      FLAG_ISK_DVALIN_REPORT_TONE: 'UNSET',
      FLAG_ISK_DVALIN_PLAN_TOLD: false,
      FLAG_ISK_PRIVATE_TONE: 'UNSET',
      FLAG_ISK_VENTI_TOLD_JEAN: false,
      FLAG_ISK_IDENTITY_TONE: 'UNSET',
      FLAG_ISK_LYRE_REACTION: 'UNSET',
      FLAG_ISK_LYRE_STATUS: 'UNSET',
      FLAG_ISK_FATUI_TEMPLE_DEAD: false,
      FLAG_ISK_DEAD_REACTION: 'UNSET',
      FLAG_ISK_TEAR_PLAN_TONE: 'UNSET',
      FLAG_ISK_TEAR_RECOVERED: false,
      FLAG_ISK_TEAR_TRY_TONE: 'UNSET',
      FLAG_ISK_TEAR_PURIFICATION: 'UNTESTED',
      FLAG_ISK_TEAR_FAILURE_TONE: 'UNSET',
      FLAG_ISK_SETTLED_DAYS_DONE: false,
      FLAG_ISK_SETTLED_TONE: 'UNSET',
      FLAG_ISK_EXPEDITION_ANNOUNCED: false,
      FLAG_ISK_EXPEDITION_QUESTION: 'UNSET',
      FLAG_ISK_MOND_BRANCH: 'UNSET',
      FLAG_ISK_EXPEDITION_FORK: 'UNSET',
      FLAG_ISK_RECRUIT_DILUC: false,
      FLAG_ISK_DILUC_LEGEND_FREE: false,
      FLAG_LEG_ISK_MOND_DILUC_CLEAR: false,
      FLAG_ISK_DVALIN_DEAD: false,
      FLAG_ISK_A_TEARS_ALL: false,
      FLAG_ISK_A_LYRE_RECOVERED: false,
      FLAG_ISK_A_FATUI_DEAD: false,
      FLAG_ISK_A_CALL_FAILED: false,
      FLAG_ISK_AA_HUNT_HALTED: false,
      FLAG_ISK_AB_CITY_WAIT: false,
      FLAG_ISK_B_DELIVERY_ACCEPTED: false,
      FLAG_ISK_B_DELIVERY_DONE: false,
      FLAG_ISK_B_NAIL_SHATTERED: false,
      FLAG_ISK_B_WHISPER_HEARD: false,
      FLAG_ISK_B_ORB_FOUND: false,
      FLAG_ISK_LEG_AMBER_CLEAR: false,
      FLAG_ISK_M04_K_BATTLE_WON: false,
      FLAG_ISK_M04_AA_BATTLE_WON: false,
      FLAG_ISK_M04_AB_BATTLE_WON: false,
      FLAG_ISK_M04_B_BATTLE_WON: false,
      FLAG_ISK_K_DEATH_CONFIRMED: false,
      FLAG_ISK_K_SNOW_WHISPER_REPORTED: false,
      FLAG_ISK_RECRUIT_JEAN: false,
      FLAG_ISK_K_NAIL_SHATTERED: false,
      FLAG_ISK_K_ORB_FOUND: false,
      FLAG_ISK_K_DVALIN_REVIVED: false,
      FLAG_ISK_AA_REMAINS_CONTACT: false,
      FLAG_ISK_AA_REMAINS_MISSING: false,
      FLAG_ISK_AA_DVALIN_LEFT_WITH_BARBATOS: false,
      FLAG_ISK_ORB_OWNED: false,
      FLAG_ISK_AB_DVALIN_DEATH_NEWS: false,
      FLAG_ISK_AB_FATUI_SITE_EMPTY: false,
      FLAG_ISK_AB_ALICE_GIFT_RECEIVED: false,
      FLAG_ISK_AB_DVALIN_REVIVED: false,
      FLAG_ISK_AB_ORB_RESONANCE_SEEN: false,
      FLAG_ISK_AB_DVALIN_DEPARTED_ALIVE: false,
      FLAG_ISK_B_ORB_TAKEN: false,
      FLAG_ISK_B_VENTI_BROUGHT_DVALIN: false,
      FLAG_ISK_B_ORB_RESONANCE_SEEN: false,
      FLAG_ISK_B_DVALIN_DEPARTED_ALIVE: false,
      FLAG_ISK_AA_ORB_CHOICE: 'UNSET',
      FLAG_ISK_M05_STARTED: false,
      FLAG_ISK_K_DVALIN_PURIFIED: false,
      FLAG_ISK_K_LIYUE_RITE_HEARD: false,
      FLAG_ISK_MOND_HONORARY_KNIGHT: false,
      FLAG_ISK_VENTI_GNOSIS_TAKEN: false,
      FLAG_ISK_AA_REMAINS_IN_ORB: false,
      FLAG_ISK_AA_MORAX_ADVICE: false,
      FLAG_ISK_AB_NO_FINDINGS_REPORTED: false,
      FLAG_ISK_AB_KEQING_REQUEST: false,
      FLAG_ISK_B_DELIVERY_REWARD_CLAIMED: false,
      FLAG_ISK_B_EXPEDITION_RETURNED: false,
      FLAG_ISK_MOND_DEPARTURE_READY: false,
      FLAG_ISK_M05_CLEAR: false,
      FLAG_LEG_ISK_MOND_JEAN_CLEAR: false,
      FLAG_LEG_ISK_MOND_EULA_CLEAR: false,
      FLAG_TRV_LY1_CLEAR: false,
      FLAG_TRV_LY2_CLEAR: false,
      FLAG_TRV_LY_GOLDEN_ACCESS: false,
      FLAG_TRV_LY_GOLDEN_ROUTE: 'UNSET',
      FLAG_TRV_LY_TARTAGLIA_WON: false,
      FLAG_TRV_LY_GOLDEN_EVIDENCE_SENT: false,
      FLAG_TRV_LY_OSIAL_RELEASED: false,
      FLAG_TRV_LY3_CLEAR: false,
      FLAG_TRV_LY_OSIAL_DEFENDED: false,
      FLAG_TRV_LIYUE_CLEAR: false,
      FLAG_TRV_LY1_LEFT_MOND: false,
      FLAG_TRV_LY1_TOKEN_RECEIVED: false,
      FLAG_TRV_LY1_MOON_CARVER_TOLD: false,
      FLAG_TRV_LY1_CLOUD_RETAINER_TOLD: false,
      FLAG_TRV_LY1_MOUNTAIN_SHAPER_TOLD: false,
      FLAG_TRV_LY1_XIAO_TOLD: false,
      FLAG_TRV_LY1_DEPART_TONE: 'UNSET',
      FLAG_TRV_LY1_FIRST_QUESTION: 'UNSET',
      FLAG_TRV_LY1_RITE_RESPONSE: 'UNSET',
      FLAG_TRV_LY1_EXIT_STYLE: 'UNSET',
      FLAG_TRV_LY1_TOKEN_RESPONSE: 'UNSET',
      FLAG_TRV_LY1_ADEPTUS_REQUEST: 'UNSET',
      FLAG_TRV_LY_A_REPORT_TONE: 'UNSET',
      FLAG_TRV_LY_B_REPORT_TONE: 'UNSET',
      FLAG_TRV_LY4_SERVICE: 'UNSET',
      FLAG_TRV_LY4_DEFENSE: 'UNSET',
      FLAG_TRV_LY4_FINAL_ROLE: 'UNSET',
      FLAG_TRV_LY4_MORAX_REACTION: 'UNSET',
      FLAG_TRV_LY4_NEXT_MOTIVE: 'UNSET',
      FLAG_TRV_LY4_FATUI_WON: false,
      FLAG_TRV_LY4_A_REPORT: 'UNSET',
      FLAG_TRV_LY4_B_REPORT: 'UNSET',
      FLAG_TRV_LY4_POSTER_SCOPE: 'UNSET',
      FLAG_TRV_LY4_POSTERS_REQUESTED: false,
      FLAG_TRV_LY4_POSTERS_GRANTED: false,
      FLAG_ISK_L01_STARTED: false,
      FLAG_ISK_L01_PARENT_BRANCH: 'NONE',
      FLAG_ISK_L01_LEAF: 'NONE',
      FLAG_ISK_L01_HARBOR_LOCKED: false,
      FLAG_ISK_L01_BLOCKADE_KNOWN: false,
      FLAG_ISK_L01_B_DEPARTURE_ACCEPTED: false,
      FLAG_ISK_L01_OVERNIGHT_DONE: false,
      FLAG_ISK_L01_CONTENT_GATE: false,
      FLAG_LEG_LIYUE_ZHONGLI_CLEAR: false,
      FLAG_LEG_LIYUE_NINGGUANG_CLEAR: false,
      FLAG_TRV_CARD_NINGGUANG: false,
      FLAG_LEG_LIYUE_BEIDOU_CLEAR: false,
      FLAG_TRV_CARD_BEIDOU: false,
      FLAG_LEG_LIYUE_YELAN_CLEAR: false,
      FLAG_TRV_CARD_YELAN: false,
      FLAG_LEG_LIYUE_KEQING_CLEAR: false,
      FLAG_TRV_CARD_KEQING: false,
      FLAG_ISK_L02_STARTED: false,
      FLAG_ISK_L02_LEAF: 'NONE',
      FLAG_ISK_L02_FIVE_DAYS_DONE: false,
      FLAG_ISK_L02_ACCESS_PHASE: 'OUTSIDE',
      FLAG_ISK_L02_MASS_DEATH_WITNESSED: false,
      FLAG_ISK_L02_KEQING_UNRECOGNIZED: false,
      FLAG_ISK_L02_CONTENT_GATE: false,
      FLAG_LEG_LIYUE_BAIZHU_CLEAR: false,
      FLAG_TRV_CARD_BAIZHU: false,
      FLAG_LEG_LIYUE_QIQI_CLEAR: false,
      FLAG_TRV_CARD_QIQI: false,
      FLAG_LEG_LIYUE_GAMING_CLEAR: false,
      FLAG_TRV_CARD_GAMING: false,
      FLAG_LEG_LIYUE_GANYU_CLEAR: false,
      FLAG_TRV_CARD_GANYU: false,
      FLAG_LEG_LIYUE_XINGQIU_CLEAR: false,
      FLAG_TRV_CARD_XINGQIU: false,
      FLAG_LEG_LIYUE_HUTAO_CLEAR: false,
      FLAG_TRV_CARD_HUTAO: false,
      FLAG_LEG_LIYUE_XIANGLING_CLEAR: false,
      FLAG_TRV_CARD_XIANGLING: false,
      FLAG_LEG_LIYUE_XIANYUN_CLEAR: false,
      FLAG_TRV_CARD_XIANYUN: false,
      FLAG_LEG_LIYUE_LANYAN_CLEAR: false,
      FLAG_TRV_CARD_LANYAN: false,
      FLAG_LEG_LIYUE_XIAO_CLEAR: false,
      FLAG_TRV_CARD_XIAO: false,
      FLAG_LEG_LIYUE_SHENHE_CLEAR: false,
      FLAG_TRV_CARD_SHENHE: false,
      FLAG_LEG_LIYUE_XINYAN_CLEAR: false,
      FLAG_TRV_CARD_XINYAN: false,
      FLAG_LEG_LIYUE_TARTAGLIA_CLEAR: false,
      FLAG_TRV_CARD_TARTAGLIA: false,
      FLAG_LEG_LIYUE_YANFEI_CLEAR: false,
      FLAG_TRV_CARD_YANFEI: false,
      FLAG_LEG_LIYUE_YUNJIN_CLEAR: false,
      FLAG_TRV_CARD_YUNJIN: false,
      FLAG_LEG_LIYUE_YAOYAO_CLEAR: false,
      FLAG_TRV_CARD_YAOYAO: false,
      FLAG_LEG_LIYUE_CHONGYUN_CLEAR: false,
      FLAG_TRV_CARD_CHONGYUN: false,
      FLAG_LEG_LIYUE_ZIBAI_CLEAR: false,
      FLAG_TRV_CARD_ZIBAI: false,
      FLAG_WORLD_ZIBAI_RETURNED: false,
      FLAG_ISK_L03_STARTED: false,
      FLAG_ISK_L03_LEAF: 'NONE',
      FLAG_ISK_L03_ACCESS_PHASE: 'OUTSIDE',
      FLAG_ISK_L03_GOLDEN_SUBDUED: false,
      FLAG_ISK_L03_CONTENT_GATE: false,
      FLAG_ISK_L04_STARTED: false,
      FLAG_ISK_L04_LEAF: 'NONE',
      FLAG_ISK_L04_ACCESS_PHASE: 'RESTRICTED',
      FLAG_ISK_L04_BATTLE_WON: false,
      FLAG_ISK_L04_REGION_CLEAR: false,
      FLAG_ISK_L04_CONTENT_GATE: false,
      FLAG_LEG_ISK_LIYUE_ZHONGLI_CLEAR: false,
      FLAG_LEG_ISK_LIYUE_NINGGUANG_CLEAR: false,
      FLAG_ISK_CARD_NINGGUANG: false,
      FLAG_LEG_ISK_LIYUE_BEIDOU_CLEAR: false,
      FLAG_ISK_CARD_BEIDOU: false,
      FLAG_LEG_ISK_LIYUE_YELAN_CLEAR: false,
      FLAG_ISK_CARD_YELAN: false,
      FLAG_LEG_ISK_LIYUE_KEQING_CLEAR: false,
      FLAG_ISK_CARD_KEQING: false,
      FLAG_LEG_ISK_LIYUE_BAIZHU_CLEAR: false,
      FLAG_ISK_CARD_BAIZHU: false,
      FLAG_LEG_ISK_LIYUE_QIQI_CLEAR: false,
      FLAG_ISK_CARD_QIQI: false,
      FLAG_LEG_ISK_LIYUE_GAMING_CLEAR: false,
      FLAG_ISK_CARD_GAMING: false,
      FLAG_LEG_ISK_LIYUE_GANYU_CLEAR: false,
      FLAG_ISK_CARD_GANYU: false,
      FLAG_LEG_ISK_LIYUE_XINGQIU_CLEAR: false,
      FLAG_ISK_CARD_XINGQIU: false,
      FLAG_LEG_ISK_LIYUE_XIANYUN_CLEAR: false,
      FLAG_ISK_CARD_XIANYUN: false,
      FLAG_LEG_ISK_LIYUE_XIANGLING_CLEAR: false,
      FLAG_ISK_CARD_XIANGLING: false,
      FLAG_LEG_ISK_LIYUE_HUTAO_CLEAR: false,
      FLAG_ISK_CARD_HUTAO: false,
      FLAG_LEG_ISK_LIYUE_LANYAN_CLEAR: false,
      FLAG_ISK_CARD_LANYAN: false,
      FLAG_LEG_ISK_LIYUE_XIAO_CLEAR: false,
      FLAG_ISK_CARD_XIAO: false,
      FLAG_LEG_ISK_LIYUE_SHENHE_CLEAR: false,
      FLAG_ISK_CARD_SHENHE: false,
      FLAG_LEG_ISK_LIYUE_XINYAN_CLEAR: false,
      FLAG_ISK_CARD_XINYAN: false,
      FLAG_LEG_ISK_LIYUE_TARTAGLIA_CLEAR: false,
      FLAG_ISK_CARD_TARTAGLIA: false,
      FLAG_LEG_ISK_LIYUE_YANFEI_CLEAR: false,
      FLAG_ISK_CARD_YANFEI: false,
      FLAG_LEG_ISK_LIYUE_YUNJIN_CLEAR: false,
      FLAG_ISK_CARD_YUNJIN: false,
      FLAG_LEG_ISK_LIYUE_YAOYAO_CLEAR: false,
      FLAG_ISK_CARD_YAOYAO: false,
      FLAG_LEG_ISK_LIYUE_CHONGYUN_CLEAR: false,
      FLAG_ISK_CARD_CHONGYUN: false,
      FLAG_LEG_ISK_LIYUE_ZIBAI_CLEAR: false,
      FLAG_ISK_CARD_ZIBAI: false,
      FLAG_CRPG_YAOYAO_TRAVEL_APPROVED: false,
      FLAG_LEG_ISK_MOND_ALBEDO_CLEAR: false,
      FLAG_ISK_RECRUIT_ALBEDO: false,
      FLAG_LEG_ISK_MOND_BARBARA_CLEAR: false,
      FLAG_ISK_RECRUIT_BARBARA: false,
      FLAG_LEG_ISK_MOND_BENNETT_CLEAR: false,
      FLAG_ISK_RECRUIT_BENNETT: false,
      FLAG_LEG_ISK_MOND_DIONA_CLEAR: false,
      FLAG_ISK_RECRUIT_DIONA: false,
      FLAG_LEG_ISK_MOND_DAHLIA_CLEAR: false,
      FLAG_ISK_RECRUIT_DAHLIA: false,
      FLAG_LEG_ISK_MOND_KAEYA_CLEAR: false,
      FLAG_ISK_RECRUIT_KAEYA: false,
      FLAG_LEG_ISK_MOND_KLEE_CLEAR: false,
      FLAG_ISK_RECRUIT_KLEE: false,
      FLAG_LEG_ISK_MOND_MIKA_CLEAR: false,
      FLAG_ISK_RECRUIT_MIKA: false,
      FLAG_LEG_ISK_MOND_MONA_CLEAR: false,
      FLAG_ISK_RECRUIT_MONA: false,
      FLAG_LEG_ISK_MOND_NOELLE_CLEAR: false,
      FLAG_ISK_RECRUIT_NOELLE: false,
      FLAG_LEG_ISK_MOND_FISCHL_CLEAR: false,
      FLAG_ISK_RECRUIT_FISCHL: false,
      FLAG_LEG_ISK_MOND_LISA_CLEAR: false,
      FLAG_ISK_RECRUIT_LISA: false,
      FLAG_LEG_ISK_MOND_RAZOR_CLEAR: false,
      FLAG_ISK_RECRUIT_RAZOR: false,
      FLAG_LEG_ISK_MOND_ROSARIA_CLEAR: false,
      FLAG_ISK_RECRUIT_ROSARIA: false,
      FLAG_LEG_ISK_MOND_SUCROSE_CLEAR: false,
      FLAG_ISK_RECRUIT_SUCROSE: false,
      FLAG_CRPG_ISEKAI_JOIN_MOND_JEAN: false,
      FLAG_CRPG_ISEKAI_JOIN_MOND_EULA: false,
      FLAG_TRV_ANEMO_UNLOCKED: false,
      FLAG_ISK_K_TEMPLE_EXIT: 'UNSET',
      FLAG_REV02_K_LIFT: 'UNSET',
      FLAG_REV02_AB_LEDGE: 'UNSET',
      FLAG_REV02_B_AMBUSH: 'UNSET',
      FLAG_REV02_TRV_BRIDGE: 'UNSET',
      FLAG_REV02_K1_REPEAT: 'UNSET',
      FLAG_REV02_K2_BRAKE: 'UNSET',
      FLAG_REV02_AA1_SCREEN: 'UNSET',
      FLAG_REV02_AA2_COURIER: 'UNSET',
      FLAG_REV02_AB1_WARNING: 'UNSET',
      FLAG_REV02_AB2_HATCH: 'UNSET',
      FLAG_REV02_B1_FIRE: 'UNSET',
      FLAG_REV02_B2_LASHING: 'UNSET',
      FLAG_REV02_TRVA_POSITION: 'UNSET',
      FLAG_REV02_TRVB_ESCAPE: 'UNSET',
      FLAG_CRPG_VENTI_OCULUS_OWNED: false
    },
    inventory: [
      {
        slot: 'EQI_000001',
        equip: 'EQ_SWORD_TRAVELER',
        quantity: 1,
        enhance: 0,
        instanceRevision: 0,
        owner: '공용',
        equipped: false
      },
      {
        slot: 'EQI_000002',
        equip: 'EQ_ARMOR_TRAVEL_COAT',
        quantity: 1,
        enhance: 0,
        instanceRevision: 0,
        owner: '공용',
        equipped: false
      },
      {
        slot: 'ITEM_FOOD_SWEET_MADAME',
        item: 'FOOD_SWEET_MADAME',
        quantity: 2,
        owner: '공용'
      },
      {
        slot: 'ITEM_FOOD_HASH_BROWN',
        item: 'FOOD_HASH_BROWN',
        quantity: 2,
        owner: '공용'
      },
      {
        slot: 'EQI_000003',
        equip: 'EQ_CLAYMORE_DEBATE',
        quantity: 1,
        enhance: 0,
        instanceRevision: 0,
        owner: '공용',
        equipped: false,
        category: 'WEAPON'
      },
      {
        slot: 'EQI_000004',
        equip: 'EQ_CLAYMORE_DEBATE',
        quantity: 1,
        enhance: 0,
        instanceRevision: 0,
        owner: '공용',
        equipped: false,
        category: 'WEAPON'
      },
      {
        slot: 'EQI_000005',
        equip: 'EQ_SWORD_HARBINGER',
        quantity: 1,
        enhance: 0,
        instanceRevision: 0,
        owner: '공용',
        equipped: false,
        category: 'WEAPON'
      },
      {
        slot: 'EQI_000006',
        equip: 'EQ_CATALYST_AMBER',
        quantity: 1,
        enhance: 12,
        instanceRevision: 0,
        owner: 'PLAYER_CUSTOM',
        equipped: true,
        enhancementCap: 12,
        category: 'WEAPON'
      },
      {
        slot: 'EQI_000007',
        equip: 'EQ_ARMOR_IRON_GUARD',
        quantity: 1,
        enhance: 12,
        instanceRevision: 0,
        owner: 'PLAYER_CUSTOM',
        equipped: true,
        enhancementCap: 12,
        category: 'ARMOR'
      },
      {
        slot: 'EQI_000008',
        equip: 'EQ_ACC_VITAL_RING',
        quantity: 1,
        enhance: 12,
        instanceRevision: 0,
        owner: 'PLAYER_CUSTOM',
        equipped: true,
        enhancementCap: 12,
        category: 'ACCESSORY'
      },
      {
        slot: 'EQI_000009',
        equip: 'EQ_CLAYMORE_WHITEBLIND',
        quantity: 1,
        enhance: 12,
        instanceRevision: 0,
        owner: 'MOND_DILUC',
        equipped: true,
        enhancementCap: 12,
        category: 'WEAPON'
      },
      {
        slot: 'EQI_000010',
        equip: 'EQ_ARMOR_IRON_GUARD',
        quantity: 1,
        enhance: 12,
        instanceRevision: 0,
        owner: 'MOND_DILUC',
        equipped: true,
        enhancementCap: 12,
        category: 'ARMOR'
      },
      {
        slot: 'EQI_000011',
        equip: 'EQ_ACC_VITAL_RING',
        quantity: 1,
        enhance: 12,
        instanceRevision: 0,
        owner: 'MOND_DILUC',
        equipped: true,
        enhancementCap: 12,
        category: 'ACCESSORY'
      },
      {
        slot: 'EQI_000012',
        equip: 'EQ_CLAYMORE_WHITEBLIND',
        quantity: 1,
        enhance: 12,
        instanceRevision: 0,
        owner: 'MOND_NOELLE',
        equipped: true,
        enhancementCap: 12,
        category: 'WEAPON'
      },
      {
        slot: 'EQI_000013',
        equip: 'EQ_ARMOR_IRON_GUARD',
        quantity: 1,
        enhance: 12,
        instanceRevision: 0,
        owner: 'MOND_NOELLE',
        equipped: true,
        enhancementCap: 12,
        category: 'ARMOR'
      },
      {
        slot: 'EQI_000014',
        equip: 'EQ_ACC_VITAL_RING',
        quantity: 1,
        enhance: 12,
        instanceRevision: 0,
        owner: 'MOND_NOELLE',
        equipped: true,
        enhancementCap: 12,
        category: 'ACCESSORY'
      },
      {
        slot: 'EQI_000015',
        equip: 'EQ_EX_MOND_JEAN',
        quantity: 1,
        enhance: 12,
        instanceRevision: 0,
        owner: 'MOND_JEAN',
        equipped: true,
        enhancementCap: 12,
        category: 'WEAPON'
      },
      {
        slot: 'EQI_000016',
        equip: 'EQ_ARMOR_IRON_GUARD',
        quantity: 1,
        enhance: 12,
        instanceRevision: 0,
        owner: 'MOND_JEAN',
        equipped: true,
        enhancementCap: 12,
        category: 'ARMOR'
      },
      {
        slot: 'EQI_000017',
        equip: 'EQ_ACC_VITAL_RING',
        quantity: 1,
        enhance: 12,
        instanceRevision: 0,
        owner: 'MOND_JEAN',
        equipped: true,
        enhancementCap: 12,
        category: 'ACCESSORY'
      }
    ],
    quests: {
      Q_ISK_MOND_01: {
        state: '진행중',
        node: 'OFFERED',
        claimed: false,
        attempts: 0,
        acceptedTurn: 1
      }
    },
    relations: {},
    party: [
      {
        slot: 'PARTY_1',
        type: 'PLAYER',
        source: 'PLAYER_CUSTOM',
        control: 'PLAYER',
        active: true,
        tactic: '균형'
      },
      {
        slot: 'PARTY_2',
        type: 'CHAR',
        source: 'MOND_DILUC',
        control: 'AI',
        active: true,
        tactic: '균형'
      },
      {
        slot: 'PARTY_3',
        type: 'CHAR',
        source: 'MOND_NOELLE',
        control: 'AI',
        active: true,
        tactic: '균형'
      },
      {
        slot: 'PARTY_4',
        type: 'CHAR',
        source: 'MOND_JEAN',
        control: 'AI',
        active: true,
        tactic: '균형'
      }
    ],
    runtime: {
      combatVersion: 1,
      defenseRevision: 1,
      healingBalanceRevision: 1,
      characterBalanceRevision: 1,
      id: 'V011-32:B20',
      group: 'EG_LEY_MOND_PLAINS',
      origin: 'BOSS:BRT_LEY_REVELATION_MOND_PLAINS',
      round: 1,
      actors: [
        {
          id: 'PLAYER_CUSTOM',
          source: 'PLAYER_CUSTOM',
          name: '클라나드',
          side: 'ALLY',
          control: 'PLAYER',
          hp: 20157,
          maxHp: 20157,
          atk: 3282,
          def: 1492,
          spd: 72,
          level: 60,
          crit: 5,
          critDmg: 50,
          hit: 80,
          eva: 4,
          resist: 10,
          range: '중거리',
          aura: null,
          statuses: [ [Object] ],
          cooldowns: {},
          guest: false,
          shields: [],
          turns: 0,
          slot: 1,
          tactic: '균형',
          protagonist: { version: 1, route: 'ROUTE_ISEKAI', skillIds: [Array] },
          traits: {
            ELEMENT_BOOST: [Object],
            HEAVY: 15,
            STAGGER_RES: 100,
            ELEMENT_RES: [Object],
            HEAL_BOOST: 8
          },
          traitState: { firstHit: false, firstStrike: false },
          position: { x: 2, y: 0 },
          size: 'MEDIUM',
          facing: 1,
          nextScorePenalty: 0
        },
        {
          id: 'MOND_DILUC',
          source: 'MOND_DILUC',
          name: '다이루크',
          side: 'ALLY',
          control: 'AI',
          hp: 34565,
          maxHp: 34565,
          atk: 6989.4400000000005,
          def: 4207.6,
          spd: 72,
          level: 60,
          crit: 23,
          critDmg: 70,
          hit: 95,
          eva: 5,
          resist: 42,
          range: '근접',
          aura: null,
          statuses: [ [Object] ],
          cooldowns: {},
          tags: [ '[광계]', '[불]' ],
          bondHearts: 0,
          bondBonusPercent: 0,
          baseAttack: 6778,
          guest: false,
          shields: [],
          turns: 0,
          slot: 2,
          tactic: '균형',
          traits: {
            STACK_ATK: 3,
            HEAVY: 21,
            ARMOR_BREAK: 25,
            STAGGER_RES: 100,
            ELEMENT_RES: [Object],
            HEAL_BOOST: 8
          },
          traitState: { firstHit: false, firstStrike: false },
          position: { x: 2, y: 1 },
          size: 'MEDIUM',
          facing: 1,
          nextScorePenalty: 0
        },
        {
          id: 'MOND_NOELLE',
          source: 'MOND_NOELLE',
          name: '노엘',
          side: 'ALLY',
          control: 'AI',
          hp: 27275,
          maxHp: 28639,
          atk: 3863.2000000000003,
          def: 4147,
          spd: 62,
          level: 60,
          crit: 10,
          critDmg: 55,
          hit: 95,
          eva: 4,
          resist: 42,
          range: '중거리',
          aura: null,
          statuses: [ [Object] ],
          cooldowns: {},
          tags: [ '[광계]', '[바위]' ],
          bondHearts: 0,
          bondBonusPercent: 0,
          baseAttack: 3712,
          guest: false,
          shields: [],
          turns: 0,
          slot: 3,
          tactic: '균형',
          traits: {
            STACK_ATK: 3,
            HEAVY: 21,
            ARMOR_BREAK: 25,
            STAGGER_RES: 100,
            ELEMENT_RES: [Object],
            HEAL_BOOST: 8
          },
          traitState: { firstHit: false, firstStrike: false },
          position: { x: 2, y: 2 },
          size: 'MEDIUM',
          facing: 1,
          nextScorePenalty: 0
        },
        {
          id: 'MOND_JEAN',
          source: 'MOND_JEAN',
          name: '진',
          side: 'ALLY',
          control: 'AI',
          hp: 34565,
          maxHp: 34565,
          atk: 6115.76,
          def: 4247.8,
          spd: 69,
          level: 60,
          crit: 16,
          critDmg: 60,
          hit: 95,
          eva: 5,
          resist: 40,
          range: '중거리',
          aura: null,
          statuses: [ [Object] ],
          cooldowns: {},
          tags: [ '[광계]', '[바람]' ],
          bondHearts: 0,
          bondBonusPercent: 0,
          baseAttack: 5923,
          guest: false,
          shields: [],
          turns: 0,
          slot: 4,
          tactic: '균형',
          slotDamageMultiplier: 0.8,
          traits: {
            PRECISION: 5,
            SIGNATURE: 15,
            HEAL_OUT: 15,
            COVER: 15,
            HEAVY: 15,
            STAGGER_RES: 100,
            ELEMENT_RES: [Object],
            HEAL_BOOST: 8
          },
          traitState: { firstHit: false, firstStrike: false },
          position: { x: 2, y: 3 },
          size: 'MEDIUM',
          facing: 1,
          nextScorePenalty: 0
        },
        {
          id: 'MON_MITACHURL_WOOD#1',
          source: 'MON_MITACHURL_WOOD',
          name: '나무 방패 츄츄 폭도',
          side: 'ENEMY',
          control: 'AI',
          hp: 69259,
          maxHp: 69259,
          atk: 25648,
          def: 1753,
          crit: 10,
          critDmg: 60,
          level: 60,
          spd: 64,
          hit: 92,
          eva: 3,
          resist: 10,
          range: '근접',
          grade: '정예',
          tags: [ '[물리]' ],
          tactic: '생존우선',
          nativeAura: null,
          aura: null,
          statuses: [],
          cooldowns: {},
          shields: [],
          turns: 0,
          airborne: false,
          element: '물리',
          hasDedicatedCards: true,
          enemySkillsInitialized: true,
          enemyWoodOpenRound: 0,
          position: { x: 3, y: 0 },
          size: 'LARGE',
          facing: -1,
          nextScorePenalty: 0,
          family: '츄츄족',
          targetRule: 'FRONT',
          growthScaled: true
        },
        {
          id: 'MON_HILI_FIGHTER#1',
          source: 'MON_HILI_FIGHTER',
          name: '츄츄 싸움꾼',
          side: 'ENEMY',
          control: 'AI',
          hp: 23800,
          maxHp: 23800,
          atk: 15680,
          def: 1249,
          crit: 8,
          critDmg: 55,
          level: 60,
          spd: 76,
          hit: 92,
          eva: 4,
          resist: 5,
          range: '근접',
          grade: '일반',
          tags: [ '[물리]' ],
          tactic: '균형',
          nativeAura: null,
          aura: null,
          statuses: [],
          cooldowns: {},
          shields: [],
          turns: 0,
          airborne: false,
          element: '물리',
          hasDedicatedCards: true,
          enemySkillsInitialized: true,
          position: { x: 3, y: 1 },
          size: 'SMALL',
          facing: -1,
          nextScorePenalty: 0,
          family: '츄츄족',
          targetRule: 'FRONT',
          growthScaled: true
        },
        {
          id: 'MON_HILI_SHOOTER#1',
          source: 'MON_HILI_SHOOTER',
          name: '츄츄 궁수',
          side: 'ENEMY',
          control: 'AI',
          hp: 23800,
          maxHp: 23800,
          atk: 15680,
          def: 1249,
          crit: 8,
          critDmg: 55,
          level: 60,
          spd: 82,
          hit: 92,
          eva: 5,
          resist: 5,
          range: '원거리',
          grade: '일반',
          tags: [ '[물리]' ],
          tactic: '균형',
          nativeAura: null,
          aura: null,
          statuses: [],
          cooldowns: {},
          shields: [],
          turns: 0,
          airborne: false,
          element: '물리',
          hasDedicatedCards: true,
          enemySkillsInitialized: true,
          position: { x: 3, y: 2 },
          size: 'SMALL',
          facing: -1,
          nextScorePenalty: 0,
          family: '츄츄족',
          targetRule: 'SPREAD',
          growthScaled: true
        }
      ],
      order: [
        { id: 'PLAYER_CUSTOM', first: false, score: 80 },
        { id: 'MON_HILI_SHOOTER#1', first: false, score: 87 },
        { id: 'MON_HILI_FIGHTER#1', first: false, score: 81 },
        { id: 'MOND_DILUC', first: false, score: 79 },
        { id: 'MON_MITACHURL_WOOD#1', first: false, score: 70 },
        { id: 'MOND_JEAN', first: false, score: 70 },
        { id: 'MOND_NOELLE', first: false, score: 70 }
      ],
      cursor: 0,
      phase: 'WAIT_PLAYER',
      ticks: {},
      log: [],
      fields: [],
      terrain: null,
      storyConfig: null,
      interludeSeen: {},
      pendingInterludes: [],
      toolCharges: {},
      actionSequence: 0,
      relationshipTarget: null,
      enemyReserve: [],
      capacityVersion: 1,
      enemySkillVersion: 1,
      opening: {
        version: 1,
        state: 'PENDING',
        round: 1,
        createdActionId: 'V011-32:20',
        initialOrder: [
          { id: 'PLAYER_CUSTOM', first: false, score: 80 },
          { id: 'MON_HILI_SHOOTER#1', first: false, score: 87 },
          { id: 'MON_HILI_FIGHTER#1', first: false, score: 81 },
          { id: 'MOND_DILUC', first: false, score: 79 },
          { id: 'MON_MITACHURL_WOOD#1', first: false, score: 70 },
          { id: 'MOND_JEAN', first: false, score: 70 },
          { id: 'MOND_NOELLE', first: false, score: 70 }
        ]
      },
      rulesVersion: 1,
      turnStarted: null,
      consStarted: true,
      encounter: {
        version: 1,
        kind: 'BOSS',
        label: '강적에게 도전',
        text: '몬드 외곽 초원의 강적에게 도전했습니다. 파티와 행동 순서를 확인한 뒤 결전을 시작하세요.',
        map: 'MAP_MOND_PLAINS',
        from: 'MAP_MOND_PLAINS'
      },
      gearTraitsVersion: 1,
      hazards: [],
      formationV1: { id: 'DOUBLE_LINE', synergy: false },
      leyLine: {
        version: 2,
        kind: 'REVELATION',
        route: 'BRT_LEY_REVELATION_MOND_PLAINS',
        map: 'MAP_MOND_PLAINS',
        hour: 497669,
        tier: 5,
        level: 60
      },
      mondBalance: {
        version: 1,
        kind: 'BOSS',
        risk: 0,
        rewards: { xp: 400, mora: 0, parts: [ [Object], [Object], [Object] ] }
      },
      localBalance: { version: 1 },
      enemyBalanceRevision: 1,
      growthBalance: { version: 1, level: 60, field: false, roundLimit: 30 },
      taskSnapshot: {
        version: 1,
        day: 20736,
        week: 2962,
        startedSeq: 19,
        map: 'MAP_MOND_PLAINS',
        party: [
          {
            id: 'PLAYER_CUSTOM',
            element: 'PHYSICAL',
            rarity: 0,
            owned: true,
            alive: true
          },
          {
            id: 'MOND_DILUC',
            element: 'PYRO',
            rarity: 5,
            owned: true,
            alive: true
          },
          {
            id: 'MOND_NOELLE',
            element: 'GEO',
            rarity: 4,
            owned: true,
            alive: true
          },
          {
            id: 'MOND_JEAN',
            element: 'ANEMO',
            rarity: 5,
            owned: true,
            alive: true
          }
        ],
        enemies: [
          'MON_MITACHURL_WOOD',
          'MON_HILI_FIGHTER',
          'MON_HILI_SHOOTER'
        ],
        stage: 60,
        tier: 5,
        domainType: '',
        leyType: 'REVELATION'
      },
      adminBalanceRevision: 0
    },
    log: [],
    processed: {},
    liyue: {
      version: 1,
      route: 'ROUTE_ISEKAI',
      activeQuest: null,
      accepts: {},
      events: {},
      chapters: {},
      travels: {},
      battles: {},
      access: { phase: 'OUTSIDE' },
      regionReceipt: null
    },
    exploration: {
      schema: 1,
      visitedMaps: { MAP_MOND_PLAINS: true, MAP_V141_MUSK_REEF: true },
      oculi: {},
      tiers: []
    },
    lifeRevision: 2,
    worldProgress: {
      version: 1,
      oculi: {},
      commissions: {},
      training: { day: 0, count: 0 },
      mastery: 0,
      milestones: {}
    },
    permanentPartyVersion: 1,
    journeyVersion: 1,
    marketVersion: 1,
    geographyVersion: 1,
    geoOculi: {
      version: 1,
      route: 'ROUTE_ISEKAI',
      progress: {},
      receipts: {},
      tiers: []
    },
    equipmentGuide: {
      version: 1,
      acquired: false,
      equipped: false,
      pendingAcquired: {
        slot: 'EQI_000001',
        equip: 'EQ_SWORD_TRAVELER',
        name: '여행자의 검',
        category: 'WEAPON'
      },
      pendingEquipped: {
        slot: 'EQI_000003',
        equip: 'EQ_CLAYMORE_DEBATE',
        owner: 'MOND_DILUC',
        before: {
          name: '다이루크',
          maxHp: 31886,
          atk: 6651.76,
          def: 3821.6800000000003,
          spd: 75,
          crit: 18,
          critDmg: 70,
          hit: 95,
          eva: 7,
          resist: 37
        },
        after: {
          name: '다이루크',
          maxHp: 31886,
          atk: 6764.320000000001,
          def: 3821.6800000000003,
          spd: 74,
          crit: 18,
          critDmg: 70,
          hit: 95,
          eva: 6,
          resist: 37
        }
      }
    },
    equipmentValueVersion: 1,
    enhancementVersion: 1,
    abyss: {
      version: 2,
      season: 'ABYSS_2026_10',
      tags: {},
      clears: {},
      claimed: {},
      attempts: 0,
      resets: 0,
      totalRounds: 0,
      run: 1,
      active: null
    },
    partyFormation: 'DOUBLE_LINE',
    learningGuide: {
      version: 1,
      done: { party: true, equip: true },
      dismissed: false,
      auto: true
    },
    storyPace: { version: 1, lines: 0 },
    starterKit: {
      version: 1,
      player: true,
      companions: {
        MOND_DILUC: 'EQ_CLAYMORE_DEBATE',
        MOND_NOELLE: 'EQ_CLAYMORE_DEBATE',
        MOND_JEAN: 'EQ_SWORD_HARBINGER'
      },
      slots: [
        'EQI_000001',
        'EQI_000002',
        'EQI_000003',
        'EQI_000004',
        'EQI_000005'
      ],
      worn: {
        MOND_DILUC: true,
        MOND_NOELLE: true,
        MOND_JEAN: true,
        PLAYER_CUSTOM: true
      }
    },
    growthPacingVersion: 3,
    ascensions: {
      PLAYER_CUSTOM: 6,
      MOND_ALBEDO: 6,
      MOND_BARBARA: 6,
      MOND_BENNETT: 6,
      MOND_VENTI: 6,
      MOND_DIONA: 6,
      MOND_DAHLIA: 6,
      MOND_DILUC: 6,
      MOND_AMBER: 6,
      MOND_JEAN: 6,
      MOND_KAEYA: 6,
      MOND_KLEE: 6,
      MOND_MIKA: 6,
      MOND_MONA: 6,
      MOND_NOELLE: 6,
      MOND_FISCHL: 6,
      MOND_LISA: 6,
      MOND_RAZOR: 6,
      MOND_ROSARIA: 6,
      MOND_SUCROSE: 6,
      MOND_EULA: 6,
      LIYUE_BAIZHU: 6,
      LIYUE_BEIDOU: 6,
      LIYUE_QIQI: 6,
      LIYUE_NINGGUANG: 6,
      LIYUE_KEQING: 6,
      LIYUE_GAMING: 6,
      LIYUE_GANYU: 6,
      LIYUE_XINGQIU: 6,
      LIYUE_HUTAO: 6,
      LIYUE_XIANGLING: 6,
      LIYUE_XIANYUN: 6,
      LIYUE_LANYAN: 6,
      LIYUE_XIAO: 6,
      LIYUE_SHENHE: 6,
      LIYUE_XINYAN: 6,
      LIYUE_TARTAGLIA: 6,
      LIYUE_YANFEI: 6,
      LIYUE_YELAN: 6,
      LIYUE_YUNJIN: 6,
      LIYUE_YAOYAO: 6,
      LIYUE_ZHONGLI: 6,
      LIYUE_CHONGYUN: 6,
      SUMERU_ALHAITHAM: 6,
      SUMERU_DEHYA: 6,
      SUMERU_DORI: 6,
      SUMERU_KAVEH: 6,
      SUMERU_CANDACE: 6,
      SUMERU_COLLEI: 6,
      SUMERU_NAHIDA: 6,
      SUMERU_NILOU: 6,
      SUMERU_FARUZAN: 6,
      SUMERU_LAYLA: 6,
      SUMERU_CYNO: 6,
      SUMERU_WANDERER: 6,
      SUMERU_SETHOS: 6,
      SUMERU_TIGHNARI: 6,
      INAZUMA_AYAKA: 6,
      INAZUMA_AYATO: 6,
      INAZUMA_GOROU: 6,
      INAZUMA_HEIZOU: 6,
      INAZUMA_ITTO: 6,
      INAZUMA_KOKOMI: 6,
      INAZUMA_KIRARA: 6,
      INAZUMA_KAZUHA: 6,
      INAZUMA_YAEMIKO: 6,
      INAZUMA_MIZUKI: 6,
      INAZUMA_RAIDEN: 6,
      INAZUMA_SHINOBU: 6,
      INAZUMA_SARA: 6,
      INAZUMA_SAYU: 6,
      INAZUMA_THOMA: 6,
      INAZUMA_YOIMIYA: 6,
      FONTAINE_ARLECCHINO: 6,
      FONTAINE_EMILIE: 6,
      FONTAINE_CHIORI: 6,
      FONTAINE_ESCOFFIER: 6,
      FONTAINE_CLORINDE: 6,
      FONTAINE_NAVIA: 6,
      FONTAINE_NEUVILLETTE: 6,
      FONTAINE_FREMINET: 6,
      FONTAINE_FURINA: 6,
      FONTAINE_WRIOTHESLEY: 6,
      FONTAINE_LYNEY: 6,
      FONTAINE_LYNETTE: 6,
      FONTAINE_CHEVREUSE: 6,
      FONTAINE_SIGEWINNE: 6,
      FONTAINE_CHARLOTTE: 6,
      NATLAN_CHASCA: 6,
      NATLAN_KACHINA: 6,
      NATLAN_KINICH: 6,
      NATLAN_MUALANI: 6,
      NATLAN_MAVUIKA: 6,
      NATLAN_ORORON: 6,
      NATLAN_SKIRK: 6,
      NATLAN_XILONEN: 6,
      NATLAN_CITLALI: 6,
      NATLAN_VARESA: 6,
      NATLAN_IFA: 6,
      NATLAN_IANSAN: 6,
      NODKRAI_COLUMBINA: 6,
      NODKRAI_DURIN: 6,
      NODKRAI_AINO: 6,
      NODKRAI_NICOLE: 6,
      NODKRAI_NEFER: 6,
      NODKRAI_FLINS: 6,
      NODKRAI_LINNEA: 6,
      NODKRAI_LAUMA: 6,
      NODKRAI_SANDRONE: 6,
      NODKRAI_VARKA: 6,
      NODKRAI_YAHODA: 6,
      NODKRAI_INEFA: 6,
      LIYUE_ZIBAI: 6,
      SNEZ_ODDETTE: 6,
      SNEZ_ALYOSHA: 6,
      NODKRAI_ILLUGA: 6,
      NODKRAI_LOHEN: 6,
      NODKRAI_PRUNE: 6,
      SNEZ_VESNA: 6,
      SNEZ_VODYANITSA: 6
    },
    growthVersion: 1,
    rosterVersion: 1,
    tutorialV2: {
      version: 2,
      style: 'SPOTLIGHT',
      enabled: true,
      done: { party: true, equip: true, facility: true }
    },
    tasks: {
      version: 1,
      revision: 172,
      day: 20736,
      week: 2962,
      daily: {},
      weekly: { equip: 12 },
      claimed: {},
      dailyProgress: {},
      dailyActiveSeq: {},
      dailyOpened: false,
      dailyIds: [],
      dailyDefinitions: {},
      lastDailyElements: [],
      weeklyProgress: {},
      weeklyActiveSeq: {},
      weeklyOpened: false,
      weeklyIds: [],
      weeklyDefinitions: {},
      weeklyExpansionVersion: 172
    },
    operatorModified: true,
    storyCompanions: { version: 1, steps: {}, joined: {} },
    talents: {
      PLAYER_CUSTOM: { na: 10, e: 10, q: 10 },
      MOND_DILUC: { na: 10, e: 10, q: 10 },
      MOND_NOELLE: { na: 10, e: 10, q: 10 },
      MOND_JEAN: { na: 10, e: 10, q: 10 }
    },
    placeVisit: {
      schema: 1,
      place: 'BOSS:BRT_LEY_REVELATION_MOND_PLAINS',
      kind: 'BOSS',
      mode: 'BOSS',
      map: 'MAP_MOND_PLAINS',
      entity: null,
      merchant: null,
      saveId: 'V011-32',
      route: 'ROUTE_ISEKAI',
      enteredDay: 1,
      enteredTime: '12:00',
      enteredAction: 'V011-32:19'
    },
    bossRouteProgress: {
      route: 'BRT_LEY_REVELATION_MOND_PLAINS',
      step: 1,
      phase: 'IN_BATTLE',
      entry: 'DIRECT',
      placeEntrySchema: 1,
      leyTier: 5,
      mutation: false
    },
    guestSnapshots: {}
  },
  operator: 'deepStrictEqual',
  diff: 'simple'
}

Node.js v24.19.0
